rank,name,lowercase,source_name,gender,china_frequency_code,source
1,Li,li,Li,?,1,Matthias Winkelmann / Jorg Michael firstname-database; China column
2,Wei,wei,Wei,?,1,Matthias Winkelmann / Jorg Michael firstname-database; China column
3,Yan,yan,Yan,?,1,Matthias Winkelmann / Jorg Michael firstname-database; China column
4,Jun,jun,Jun,?,0,Matthias Winkelmann / Jorg Michael firstname-database; China column
5,Lei,lei,Lei,?,0,Matthias Winkelmann / Jorg Michael firstname-database; China column
6,Min,min,Min,?,0,Matthias Winkelmann / Jorg Michael firstname-database; China column
7,Hong,hong,Hong,?,0,Matthias Winkelmann / Jorg Michael firstname-database; China column
8,Jian,jian,Jian,?,0,Matthias Winkelmann / Jorg Michael firstname-database; China column
9,Jing,jing,Jing,?,0,Matthias Winkelmann / Jorg Michael firstname-database; China column
10,Ping,ping,Ping,?,0,Matthias Winkelmann / Jorg Michael firstname-database; China column
11,Ying,ying,Ying,?,0,Matthias Winkelmann / Jorg Michael firstname-database; China column
12,Bo,bo,Bo,?,-1,Matthias Winkelmann / Jorg Michael firstname-database; China column
13,Qi,qi,Qi,?,-1,Matthias Winkelmann / Jorg Michael firstname-database; China column
14,Yi,yi,Yi,?,-1,Matthias Winkelmann / Jorg Michael firstname-database; China column
15,Yu,yu,Yu,?,-1,Matthias Winkelmann / Jorg Michael firstname-database; China column
16,Bin,bin,Bin,?,-1,Matthias Winkelmann / Jorg Michael firstname-database; China column
17,Hui,hui,Hui,?,-1,Matthias Winkelmann / Jorg Michael firstname-database; China column
18,Jie,jie,Jie,?,-1,Matthias Winkelmann / Jorg Michael firstname-database; China column
19,Lin,lin,Lin,?,-1,Matthias Winkelmann / Jorg Michael firstname-database; China column
20,Tao,tao,Tao,?,-1,Matthias Winkelmann / Jorg Michael firstname-database; China column
21,Xin,xin,Xin,?,-1,Matthias Winkelmann / Jorg Michael firstname-database; China column
22,Bing,bing,Bing,?,-1,Matthias Winkelmann / Jorg Michael firstname-database; China column
23,Fang,fang,Fang,?,-1,Matthias Winkelmann / Jorg Michael firstname-database; China column
24,Feng,feng,Feng,?,-1,Matthias Winkelmann / Jorg Michael firstname-database; China column
25,Gang,gang,Gang,?,-1,Matthias Winkelmann / Jorg Michael firstname-database; China column
26,Ling,ling,Ling,?,-1,Matthias Winkelmann / Jorg Michael firstname-database; China column
27,Ming,ming,Ming,?,-1,Matthias Winkelmann / Jorg Michael firstname-database; China column
28,Ning,ning,Ning,?,-1,Matthias Winkelmann / Jorg Michael firstname-database; China column
29,Peng,peng,Peng,?,-1,Matthias Winkelmann / Jorg Michael firstname-database; China column
30,Qing,qing,Qing,?,-1,Matthias Winkelmann / Jorg Michael firstname-database; China column
31,Rong,rong,Rong,?,-1,Matthias Winkelmann / Jorg Michael firstname-database; China column
32,Yang,yang,Yang,?,-1,Matthias Winkelmann / Jorg Michael firstname-database; China column
33,Yong,yong,Yong,?,-1,Matthias Winkelmann / Jorg Michael firstname-database; China column
34,Qiang,qiang,Qiang,?,-1,Matthias Winkelmann / Jorg Michael firstname-database; China column
35,Xi,xi,Xi,?,-2,Matthias Winkelmann / Jorg Michael firstname-database; China column
36,Dan,dan,Dan,?,-2,Matthias Winkelmann / Jorg Michael firstname-database; China column
37,Fei,fei,Fei,?,-2,Matthias Winkelmann / Jorg Michael firstname-database; China column
38,Hao,hao,Hao,?,-2,Matthias Winkelmann / Jorg Michael firstname-database; China column
39,Hua,hua,Hua,?,-2,Matthias Winkelmann / Jorg Michael firstname-database; China column
40,Jin,jin,Jin,?,-2,Matthias Winkelmann / Jorg Michael firstname-database; China column
41,Kai,kai,Kai,?,-2,Matthias Winkelmann / Jorg Michael firstname-database; China column
42,Lan,lan,Lan,?,-2,Matthias Winkelmann / Jorg Michael firstname-database; China column
43,Mei,mei,Mei,?,-2,Matthias Winkelmann / Jorg Michael firstname-database; China column
44,Qin,qin,Qin,?,-2,Matthias Winkelmann / Jorg Michael firstname-database; China column
45,Rui,rui,Rui,?,-2,Matthias Winkelmann / Jorg Michael firstname-database; China column
46,Wen,wen,Wen,?,-2,Matthias Winkelmann / Jorg Michael firstname-database; China column
47,Xia,xia,Xia,?,-2,Matthias Winkelmann / Jorg Michael firstname-database; China column
48,Yun,yun,Yun,?,-2,Matthias Winkelmann / Jorg Michael firstname-database; China column
49,Chao,chao,Chao,?,-2,Matthias Winkelmann / Jorg Michael firstname-database; China column
50,Chen,chen,Chen,?,-2,Matthias Winkelmann / Jorg Michael firstname-database; China column
51,Dong,dong,Dong,?,-2,Matthias Winkelmann / Jorg Michael firstname-database; China column
52,Qian,qian,Qian,?,-2,Matthias Winkelmann / Jorg Michael firstname-database; China column
53,Tong,tong,Tong,?,-2,Matthias Winkelmann / Jorg Michael firstname-database; China column
54,Xiao,xiao,Xiao,?,-2,Matthias Winkelmann / Jorg Michael firstname-database; China column
55,Yuan,yuan,Yuan,?,-2,Matthias Winkelmann / Jorg Michael firstname-database; China column
56,Zhen,zhen,Zhen,?,-2,Matthias Winkelmann / Jorg Michael firstname-database; China column
57,Cheng,cheng,Cheng,?,-2,Matthias Winkelmann / Jorg Michael firstname-database; China column
58,Liang,liang,Liang,?,-2,Matthias Winkelmann / Jorg Michael firstname-database; China column
59,Xiang,xiang,Xiang,?,-2,Matthias Winkelmann / Jorg Michael firstname-database; China column
60,Zheng,zheng,Zheng,?,-2,Matthias Winkelmann / Jorg Michael firstname-database; China column
61,Ge,ge,Ge,?,-3,Matthias Winkelmann / Jorg Michael firstname-database; China column
62,Ji,ji,Ji,?,-3,Matthias Winkelmann / Jorg Michael firstname-database; China column
63,Ke,ke,Ke,?,-3,Matthias Winkelmann / Jorg Michael firstname-database; China column
64,Lu,lu,Lu,?,-3,Matthias Winkelmann / Jorg Michael firstname-database; China column
65,Na,na,Na,?,-3,Matthias Winkelmann / Jorg Michael firstname-database; China column
66,Xu,xu,Xu,?,-3,Matthias Winkelmann / Jorg Michael firstname-database; China column
67,Ye,ye,Ye,?,-3,Matthias Winkelmann / Jorg Michael firstname-database; China column
68,Fan,fan,Fan,?,-3,Matthias Winkelmann / Jorg Michael firstname-database; China column
69,Hai,hai,Hai,?,-3,Matthias Winkelmann / Jorg Michael firstname-database; China column
70,Jia,jia,Jia,?,-3,Matthias Winkelmann / Jorg Michael firstname-database; China column
71,Kun,kun,Kun,?,-3,Matthias Winkelmann / Jorg Michael firstname-database; China column
72,Nan,nan,Nan,?,-3,Matthias Winkelmann / Jorg Michael firstname-database; China column
73,Pei,pei,Pei,?,-3,Matthias Winkelmann / Jorg Michael firstname-database; China column
74,Qun,qun,Qun,?,-3,Matthias Winkelmann / Jorg Michael firstname-database; China column
75,Shu,shu,Shu,?,-3,Matthias Winkelmann / Jorg Michael firstname-database; China column
76,Yao,yao,Yao,?,-3,Matthias Winkelmann / Jorg Michael firstname-database; China column
77,Yin,yin,Yin,?,-3,Matthias Winkelmann / Jorg Michael firstname-database; China column
78,Yue,yue,Yue,?,-3,Matthias Winkelmann / Jorg Michael firstname-database; China column
79,Zhe,zhe,Zhe,?,-3,Matthias Winkelmann / Jorg Michael firstname-database; China column
80,Zhi,zhi,Zhi,?,-3,Matthias Winkelmann / Jorg Michael firstname-database; China column
81,Chun,chun,Chun,?,-3,Matthias Winkelmann / Jorg Michael firstname-database; China column
82,Juan,juan,Juan,?,-3,Matthias Winkelmann / Jorg Michael firstname-database; China column
83,Lili,lili,Li+Li,?,-3,Matthias Winkelmann / Jorg Michael firstname-database; China column
84,Meng,meng,Meng,?,-3,Matthias Winkelmann / Jorg Michael firstname-database; China column
85,Ting,ting,Ting,?,-3,Matthias Winkelmann / Jorg Michael firstname-database; China column
86,Xian,xian,Xian,?,-3,Matthias Winkelmann / Jorg Michael firstname-database; China column
87,Xing,xing,Xing,?,-3,Matthias Winkelmann / Jorg Michael firstname-database; China column
88,Xuan,xuan,Xuan,?,-3,Matthias Winkelmann / Jorg Michael firstname-database; China column
89,Guang,guang,Guang,?,-3,Matthias Winkelmann / Jorg Michael firstname-database; China column
90,Jiang,jiang,Jiang,?,-3,Matthias Winkelmann / Jorg Michael firstname-database; China column
91,Lihua,lihua,Li+Hua,?,-3,Matthias Winkelmann / Jorg Michael firstname-database; China column
92,Sheng,sheng,Sheng,?,-3,Matthias Winkelmann / Jorg Michael firstname-database; China column
93,Zhong,zhong,Zhong,?,-3,Matthias Winkelmann / Jorg Michael firstname-database; China column
94,Di,di,Di,?,-4,Matthias Winkelmann / Jorg Michael firstname-database; China column
95,He,he,He,?,-4,Matthias Winkelmann / Jorg Michael firstname-database; China column
96,Ru,ru,Ru,?,-4,Matthias Winkelmann / Jorg Michael firstname-database; China column
97,Su,su,Su,?,-4,Matthias Winkelmann / Jorg Michael firstname-database; China column
98,Ya,ya,Ya,?,-4,Matthias Winkelmann / Jorg Michael firstname-database; China column
99,Bei,bei,Bei,?,-4,Matthias Winkelmann / Jorg Michael firstname-database; China column
100,Fen,fen,Fen,?,-4,Matthias Winkelmann / Jorg Michael firstname-database; China column
101,Han,han,Han,?,-4,Matthias Winkelmann / Jorg Michael firstname-database; China column
102,Kui,kui,Kui,?,-4,Matthias Winkelmann / Jorg Michael firstname-database; China column
103,Ran,ran,Ran,?,-4,Matthias Winkelmann / Jorg Michael firstname-database; China column
104,Xue,xue,Xue,?,-4,Matthias Winkelmann / Jorg Michael firstname-database; China column
105,Xun,xun,Xun,?,-4,Matthias Winkelmann / Jorg Michael firstname-database; China column
106,Biao,biao,Biao,?,-4,Matthias Winkelmann / Jorg Michael firstname-database; China column
107,Ding,ding,Ding,?,-4,Matthias Winkelmann / Jorg Michael firstname-database; China column
108,Hang,hang,Hang,?,-4,Matthias Winkelmann / Jorg Michael firstname-database; China column
109,Heng,heng,Heng,?,-4,Matthias Winkelmann / Jorg Michael firstname-database; China column
110,Huan,huan,Huan,?,-4,Matthias Winkelmann / Jorg Michael firstname-database; China column
111,Kang,kang,Kang,?,-4,Matthias Winkelmann / Jorg Michael firstname-database; China column
112,Lian,lian,Lian,?,-4,Matthias Winkelmann / Jorg Michael firstname-database; China column
113,Lina,lina,Li+Na,?,-4,Matthias Winkelmann / Jorg Michael firstname-database; China column
114,Long,long,Long,?,-4,Matthias Winkelmann / Jorg Michael firstname-database; China column
115,Miao,miao,Miao,?,-4,Matthias Winkelmann / Jorg Michael firstname-database; China column
116,Qiao,qiao,Qiao,?,-4,Matthias Winkelmann / Jorg Michael firstname-database; China column
117,Quan,quan,Quan,?,-4,Matthias Winkelmann / Jorg Michael firstname-database; China column
118,Shan,shan,Shan,?,-4,Matthias Winkelmann / Jorg Michael firstname-database; China column
119,Song,song,Song,?,-4,Matthias Winkelmann / Jorg Michael firstname-database; China column
120,Tian,tian,Tian,?,-4,Matthias Winkelmann / Jorg Michael firstname-database; China column
121,Zhao,zhao,Zhao,?,-4,Matthias Winkelmann / Jorg Michael firstname-database; China column
122,Aihua,aihua,Ai+Hua,?,-4,Matthias Winkelmann / Jorg Michael firstname-database; China column
123,Aimin,aimin,Ai+Min,?,-4,Matthias Winkelmann / Jorg Michael firstname-database; China column
124,Chang,chang,Chang,?,-4,Matthias Winkelmann / Jorg Michael firstname-database; China column
125,Chong,chong,Chong,?,-4,Matthias Winkelmann / Jorg Michael firstname-database; China column
126,Chuan,chuan,Chuan,?,-4,Matthias Winkelmann / Jorg Michael firstname-database; China column
127,Dawei,dawei,Da+Wei,?,-4,Matthias Winkelmann / Jorg Michael firstname-database; China column
128,Haibo,haibo,Hai+Bo,?,-4,Matthias Winkelmann / Jorg Michael firstname-database; China column
129,Lijun,lijun,Li+Jun,?,-4,Matthias Winkelmann / Jorg Michael firstname-database; China column
130,Lixin,lixin,Li+Xin,?,-4,Matthias Winkelmann / Jorg Michael firstname-database; China column
131,Qiong,qiong,Qiong,?,-4,Matthias Winkelmann / Jorg Michael firstname-database; China column
132,Yajun,yajun,Ya+Jun,?,-4,Matthias Winkelmann / Jorg Michael firstname-database; China column
133,An,an,An,?,-5,Matthias Winkelmann / Jorg Michael firstname-database; China column
134,Fu,fu,Fu,?,-5,Matthias Winkelmann / Jorg Michael firstname-database; China column
135,Hu,hu,Hu,?,-5,Matthias Winkelmann / Jorg Michael firstname-database; China column
136,Ju,ju,Ju,?,-5,Matthias Winkelmann / Jorg Michael firstname-database; China column
137,Le,le,Le,?,-5,Matthias Winkelmann / Jorg Michael firstname-database; China column
138,Mu,mu,Mu,?,-5,Matthias Winkelmann / Jorg Michael firstname-database; China column
139,Pu,pu,Pu,?,-5,Matthias Winkelmann / Jorg Michael firstname-database; China column
140,Wu,wu,Wu,?,-5,Matthias Winkelmann / Jorg Michael firstname-database; China column
141,Ze,ze,Ze,?,-5,Matthias Winkelmann / Jorg Michael firstname-database; China column
142,Bao,bao,Bao,?,-5,Matthias Winkelmann / Jorg Michael firstname-database; China column
143,Cai,cai,Cai,?,-5,Matthias Winkelmann / Jorg Michael firstname-database; China column
144,Chi,chi,Chi,?,-5,Matthias Winkelmann / Jorg Michael firstname-database; China column
145,Duo,duo,Duo,?,-5,Matthias Winkelmann / Jorg Michael firstname-database; China column
146,Gan,gan,Gan,?,-5,Matthias Winkelmann / Jorg Michael firstname-database; China column
147,Guo,guo,Guo,?,-5,Matthias Winkelmann / Jorg Michael firstname-database; China column
148,Jue,jue,Jue,?,-5,Matthias Winkelmann / Jorg Michael firstname-database; China column
149,Kan,kan,Kan,?,-5,Matthias Winkelmann / Jorg Michael firstname-database; China column
150,Lie,lie,Lie,?,-5,Matthias Winkelmann / Jorg Michael firstname-database; China column
151,Liu,liu,Liu,?,-5,Matthias Winkelmann / Jorg Michael firstname-database; China column
152,Man,man,Man,?,-5,Matthias Winkelmann / Jorg Michael firstname-database; China column
153,Mao,mao,Mao,?,-5,Matthias Winkelmann / Jorg Michael firstname-database; China column
154,Pin,pin,Pin,?,-5,Matthias Winkelmann / Jorg Michael firstname-database; China column
155,Ren,ren,Ren,?,-5,Matthias Winkelmann / Jorg Michael firstname-database; China column
156,Sen,sen,Sen,?,-5,Matthias Winkelmann / Jorg Michael firstname-database; China column
157,Sha,sha,Sha,?,-5,Matthias Winkelmann / Jorg Michael firstname-database; China column
158,Shi,shi,Shi,?,-5,Matthias Winkelmann / Jorg Michael firstname-database; China column
159,Xiu,xiu,Xiu,?,-5,Matthias Winkelmann / Jorg Michael firstname-database; China column
160,Zhu,zhu,Zhu,?,-5,Matthias Winkelmann / Jorg Michael firstname-database; China column
161,Cong,cong,Cong,?,-5,Matthias Winkelmann / Jorg Michael firstname-database; China column
162,Geng,geng,Geng,?,-5,Matthias Winkelmann / Jorg Michael firstname-database; China column
163,Gong,gong,Gong,?,-5,Matthias Winkelmann / Jorg Michael firstname-database; China column
164,Guan,guan,Guan,?,-5,Matthias Winkelmann / Jorg Michael firstname-database; China column
165,Mian,mian,Mian,?,-5,Matthias Winkelmann / Jorg Michael firstname-database; China column
166,Shen,shen,Shen,?,-5,Matthias Winkelmann / Jorg Michael firstname-database; China column
167,Wang,wang,Wang,?,-5,Matthias Winkelmann / Jorg Michael firstname-database; China column
168,Yali,yali,Ya+Li,?,-5,Matthias Winkelmann / Jorg Michael firstname-database; China column
169,Zhan,zhan,Zhan,?,-5,Matthias Winkelmann / Jorg Michael firstname-database; China column
170,Zhou,zhou,Zhou,?,-5,Matthias Winkelmann / Jorg Michael firstname-database; China column
171,Zhuo,zhuo,Zhuo,?,-5,Matthias Winkelmann / Jorg Michael firstname-database; China column
172,Aiguo,aiguo,Ai+Guo,?,-5,Matthias Winkelmann / Jorg Michael firstname-database; China column
173,Limei,limei,Li+Mei,?,-5,Matthias Winkelmann / Jorg Michael firstname-database; China column
174,Limin,limin,Li+Min,?,-5,Matthias Winkelmann / Jorg Michael firstname-database; China column
175,Liyan,liyan,Li+Yan,?,-5,Matthias Winkelmann / Jorg Michael firstname-database; China column
176,Weili,weili,Wei+Li,?,-5,Matthias Winkelmann / Jorg Michael firstname-database; China column
177,Wenbo,wenbo,Wen+Bo,?,-5,Matthias Winkelmann / Jorg Michael firstname-database; China column
178,Wenli,wenli,Wen+Li,?,-5,Matthias Winkelmann / Jorg Michael firstname-database; China column
179,Xinyu,xinyu,Xin+Yu,?,-5,Matthias Winkelmann / Jorg Michael firstname-database; China column
180,Xiong,xiong,Xiong,?,-5,Matthias Winkelmann / Jorg Michael firstname-database; China column
181,Xiuli,xiuli,Xiu+Li,?,-5,Matthias Winkelmann / Jorg Michael firstname-database; China column
182,Yanan,yanan,Yan+An,?,-5,Matthias Winkelmann / Jorg Michael firstname-database; China column
183,Yanli,yanli,Yan+Li,?,-5,Matthias Winkelmann / Jorg Michael firstname-database; China column
184,Yimin,yimin,Yi+Min,?,-5,Matthias Winkelmann / Jorg Michael firstname-database; China column
185,Yiwei,yiwei,Yi+Wei,?,-5,Matthias Winkelmann / Jorg Michael firstname-database; China column
186,Yuhua,yuhua,Yu+Hua,?,-5,Matthias Winkelmann / Jorg Michael firstname-database; China column
187,Yulin,yulin,Yu+Lin,?,-5,Matthias Winkelmann / Jorg Michael firstname-database; China column
188,Yumei,yumei,Yu+Mei,?,-5,Matthias Winkelmann / Jorg Michael firstname-database; China column
189,Yuxin,yuxin,Yu+Xin,?,-5,Matthias Winkelmann / Jorg Michael firstname-database; China column
190,Zhang,zhang,Zhang,?,-5,Matthias Winkelmann / Jorg Michael firstname-database; China column
191,Ao,ao,Ao,?,-6,Matthias Winkelmann / Jorg Michael firstname-database; China column
192,Da,da,Da,?,-6,Matthias Winkelmann / Jorg Michael firstname-database; China column
193,En,en,En,?,-6,Matthias Winkelmann / Jorg Michael firstname-database; China column
194,Mi,mi,Mi,?,-6,Matthias Winkelmann / Jorg Michael firstname-database; China column
195,Mo,mo,Mo,?,-6,Matthias Winkelmann / Jorg Michael firstname-database; China column
196,Ni,ni,Ni,?,-6,Matthias Winkelmann / Jorg Michael firstname-database; China column
197,Ou,ou,Ou,?,-6,Matthias Winkelmann / Jorg Michael firstname-database; China column
198,Sa,sa,Sa,?,-6,Matthias Winkelmann / Jorg Michael firstname-database; China column
199,Zi,zi,Zi,?,-6,Matthias Winkelmann / Jorg Michael firstname-database; China column
200,Bai,bai,Bai,?,-6,Matthias Winkelmann / Jorg Michael firstname-database; China column
201,Ben,ben,Ben,?,-6,Matthias Winkelmann / Jorg Michael firstname-database; China column
202,Can,can,Can,?,-6,Matthias Winkelmann / Jorg Michael firstname-database; China column
203,Dai,dai,Dai,?,-6,Matthias Winkelmann / Jorg Michael firstname-database; China column
204,Gao,gao,Gao,?,-6,Matthias Winkelmann / Jorg Michael firstname-database; China column
205,Ken,ken,Ken,?,-6,Matthias Winkelmann / Jorg Michael firstname-database; China column
206,Luo,luo,Luo,?,-6,Matthias Winkelmann / Jorg Michael firstname-database; China column
207,Pan,pan,Pan,?,-6,Matthias Winkelmann / Jorg Michael firstname-database; China column
208,Qiu,qiu,Qiu,?,-6,Matthias Winkelmann / Jorg Michael firstname-database; China column
209,Run,run,Run,?,-6,Matthias Winkelmann / Jorg Michael firstname-database; China column
210,Sui,sui,Sui,?,-6,Matthias Winkelmann / Jorg Michael firstname-database; China column
211,Sun,sun,Sun,?,-6,Matthias Winkelmann / Jorg Michael firstname-database; China column
212,Tan,tan,Tan,?,-6,Matthias Winkelmann / Jorg Michael firstname-database; China column
213,Tie,tie,Tie,?,-6,Matthias Winkelmann / Jorg Michael firstname-database; China column
214,Wan,wan,Wan,?,-6,Matthias Winkelmann / Jorg Michael firstname-database; China column
215,You,you,You,?,-6,Matthias Winkelmann / Jorg Michael firstname-database; China column
216,Dali,dali,Da+Li,?,-6,Matthias Winkelmann / Jorg Michael firstname-database; China column
217,Duan,duan,Duan,?,-6,Matthias Winkelmann / Jorg Michael firstname-database; China column
218,Jiao,jiao,Jiao,?,-6,Matthias Winkelmann / Jorg Michael firstname-database; China column
219,Keyi,keyi,Ke+Yi,?,-6,Matthias Winkelmann / Jorg Michael firstname-database; China column
220,Lang,lang,Lang,?,-6,Matthias Winkelmann / Jorg Michael firstname-database; China column
221,Libo,libo,Li+Bo,?,-6,Matthias Winkelmann / Jorg Michael firstname-database; China column
222,Liya,liya,Li+Ya,?,-6,Matthias Winkelmann / Jorg Michael firstname-database; China column
223,Shao,shao,Shao,?,-6,Matthias Winkelmann / Jorg Michael firstname-database; China column
224,Shun,shun,Shun,?,-6,Matthias Winkelmann / Jorg Michael firstname-database; China column
225,Shuo,shuo,Shuo,?,-6,Matthias Winkelmann / Jorg Michael firstname-database; China column
226,Tang,tang,Tang,?,-6,Matthias Winkelmann / Jorg Michael firstname-database; China column
227,Teng,teng,Teng,?,-6,Matthias Winkelmann / Jorg Michael firstname-database; China column
228,Yili,yili,Yi+Li,?,-6,Matthias Winkelmann / Jorg Michael firstname-database; China column
229,Yuli,yuli,Yu+Li,?,-6,Matthias Winkelmann / Jorg Michael firstname-database; China column
230,Yuqi,yuqi,Yu+Qi,?,-6,Matthias Winkelmann / Jorg Michael firstname-database; China column
231,Zili,zili,Zi+Li,?,-6,Matthias Winkelmann / Jorg Michael firstname-database; China column
232,Aijun,aijun,Ai+Jun,?,-6,Matthias Winkelmann / Jorg Michael firstname-database; China column
233,Aiqin,aiqin,Ai+Qin,?,-6,Matthias Winkelmann / Jorg Michael firstname-database; China column
234,Aixia,aixia,Ai+Xia,?,-6,Matthias Winkelmann / Jorg Michael firstname-database; China column
235,Dahai,dahai,Da+Hai,?,-6,Matthias Winkelmann / Jorg Michael firstname-database; China column
236,Dazhi,dazhi,Da+Zhi,?,-6,Matthias Winkelmann / Jorg Michael firstname-database; China column
237,Dehua,dehua,De+Hua,?,-6,Matthias Winkelmann / Jorg Michael firstname-database; China column
238,Demin,demin,De+Min,?,-6,Matthias Winkelmann / Jorg Michael firstname-database; China column
239,Fujun,fujun,Fu+Jun,?,-6,Matthias Winkelmann / Jorg Michael firstname-database; China column
240,Jiali,jiali,Jia+Li,?,-6,Matthias Winkelmann / Jorg Michael firstname-database; China column
241,Jihua,jihua,Ji+Hua,?,-6,Matthias Winkelmann / Jorg Michael firstname-database; China column
242,Jijun,jijun,Ji+Jun,?,-6,Matthias Winkelmann / Jorg Michael firstname-database; China column
243,Jimin,jimin,Ji+Min,?,-6,Matthias Winkelmann / Jorg Michael firstname-database; China column
244,Jinyu,jinyu,Jin+Yu,?,-6,Matthias Winkelmann / Jorg Michael firstname-database; China column
245,Jiong,jiong,Jiong,?,-6,Matthias Winkelmann / Jorg Michael firstname-database; China column
246,Jiwen,jiwen,Ji+Wen,?,-6,Matthias Winkelmann / Jorg Michael firstname-database; China column
247,Junli,junli,Jun+Li,?,-6,Matthias Winkelmann / Jorg Michael firstname-database; China column
248,Kewei,kewei,Ke+Wei,?,-6,Matthias Winkelmann / Jorg Michael firstname-database; China column
249,Libin,libin,Li+Bin,?,-6,Matthias Winkelmann / Jorg Michael firstname-database; China column
250,Lifen,lifen,Li+Fen,?,-6,Matthias Winkelmann / Jorg Michael firstname-database; China column
251,Lihui,lihui,Li+Hui,?,-6,Matthias Winkelmann / Jorg Michael firstname-database; China column
252,Lijie,lijie,Li+Jie,?,-6,Matthias Winkelmann / Jorg Michael firstname-database; China column
253,Liqin,liqin,Li+Qin,?,-6,Matthias Winkelmann / Jorg Michael firstname-database; China column
254,Liqun,liqun,Li+Qun,?,-6,Matthias Winkelmann / Jorg Michael firstname-database; China column
255,Liwei,liwei,Li+Wei,?,-6,Matthias Winkelmann / Jorg Michael firstname-database; China column
256,Liwen,liwen,Li+Wen,?,-6,Matthias Winkelmann / Jorg Michael firstname-database; China column
257,Lixia,lixia,Li+Xia,?,-6,Matthias Winkelmann / Jorg Michael firstname-database; China column
258,Meili,meili,Mei+Li,?,-6,Matthias Winkelmann / Jorg Michael firstname-database; China column
259,Meiyu,meiyu,Mei+Yu,?,-6,Matthias Winkelmann / Jorg Michael firstname-database; China column
260,Peili,peili,Pei+Li,?,-6,Matthias Winkelmann / Jorg Michael firstname-database; China column
261,Renyi,renyi,Ren+Yi,?,-6,Matthias Winkelmann / Jorg Michael firstname-database; China column
262,Shuai,shuai,Shu+Ai,?,-6,Matthias Winkelmann / Jorg Michael firstname-database; China column
263,Shuyi,shuyi,Shu+Yi,?,-6,Matthias Winkelmann / Jorg Michael firstname-database; China column
264,Shuyu,shuyu,Shu+Yu,?,-6,Matthias Winkelmann / Jorg Michael firstname-database; China column
265,Sumei,sumei,Su+Mei,?,-6,Matthias Winkelmann / Jorg Michael firstname-database; China column
266,Weibo,weibo,Wei+Bo,?,-6,Matthias Winkelmann / Jorg Michael firstname-database; China column
267,Weiqi,weiqi,Wei+Qi,?,-6,Matthias Winkelmann / Jorg Michael firstname-database; China column
268,Wenge,wenge,Wen+Ge,?,-6,Matthias Winkelmann / Jorg Michael firstname-database; China column
269,Wenyu,wenyu,Wen+Yu,?,-6,Matthias Winkelmann / Jorg Michael firstname-database; China column
270,Yafei,yafei,Ya+Fei,?,-6,Matthias Winkelmann / Jorg Michael firstname-database; China column
271,Yalin,yalin,Ya+Lin,?,-6,Matthias Winkelmann / Jorg Michael firstname-database; China column
272,Yawei,yawei,Ya+Wei,?,-6,Matthias Winkelmann / Jorg Michael firstname-database; China column
273,Yibin,yibin,Yi+Bin,?,-6,Matthias Winkelmann / Jorg Michael firstname-database; China column
274,Yifan,yifan,Yi+Fan,?,-6,Matthias Winkelmann / Jorg Michael firstname-database; China column
275,Yifei,yifei,Yi+Fei,?,-6,Matthias Winkelmann / Jorg Michael firstname-database; China column
276,Yihua,yihua,Yi+Hua,?,-6,Matthias Winkelmann / Jorg Michael firstname-database; China column
277,Yijun,yijun,Yi+Jun,?,-6,Matthias Winkelmann / Jorg Michael firstname-database; China column
278,Yilin,yilin,Yi+Lin,?,-6,Matthias Winkelmann / Jorg Michael firstname-database; China column
279,Yiwen,yiwen,Yi+Wen,?,-6,Matthias Winkelmann / Jorg Michael firstname-database; China column
280,Yixin,yixin,Yi+Xin,?,-6,Matthias Winkelmann / Jorg Michael firstname-database; China column
281,Yizhi,yizhi,Yi+Zhi,?,-6,Matthias Winkelmann / Jorg Michael firstname-database; China column
282,Yuhui,yuhui,Yu+Hui,?,-6,Matthias Winkelmann / Jorg Michael firstname-database; China column
283,Yujie,yujie,Yu+Jie,?,-6,Matthias Winkelmann / Jorg Michael firstname-database; China column
284,Yulan,yulan,Yu+Lan,?,-6,Matthias Winkelmann / Jorg Michael firstname-database; China column
285,Yumin,yumin,Yu+Min,?,-6,Matthias Winkelmann / Jorg Michael firstname-database; China column
286,Yuqin,yuqin,Yu+Qin,?,-6,Matthias Winkelmann / Jorg Michael firstname-database; China column
287,Yuyan,yuyan,Yu+Yan,?,-6,Matthias Winkelmann / Jorg Michael firstname-database; China column
288,Zemin,zemin,Ze+Min,?,-6,Matthias Winkelmann / Jorg Michael firstname-database; China column
289,Zhiyu,zhiyu,Zhi+Yu,?,-6,Matthias Winkelmann / Jorg Michael firstname-database; China column
290,Ai,ai,Ai,?,-7,Matthias Winkelmann / Jorg Michael firstname-database; China column
291,Bi,bi,Bi,?,-7,Matthias Winkelmann / Jorg Michael firstname-database; China column
292,Ce,ce,Ce,?,-7,Matthias Winkelmann / Jorg Michael firstname-database; China column
293,De,de,De,?,-7,Matthias Winkelmann / Jorg Michael firstname-database; China column
294,Fa,fa,Fa,?,-7,Matthias Winkelmann / Jorg Michael firstname-database; China column
295,Gu,gu,Gu,?,-7,Matthias Winkelmann / Jorg Michael firstname-database; China column
296,Ka,ka,Ka,?,-7,Matthias Winkelmann / Jorg Michael firstname-database; China column
297,Po,po,Po,?,-7,Matthias Winkelmann / Jorg Michael firstname-database; China column
298,Ri,ri,Ri,?,-7,Matthias Winkelmann / Jorg Michael firstname-database; China column
299,Ti,ti,Ti,?,-7,Matthias Winkelmann / Jorg Michael firstname-database; China column
300,Ang,ang,Ang,?,-7,Matthias Winkelmann / Jorg Michael firstname-database; China column
301,Che,che,Che,?,-7,Matthias Winkelmann / Jorg Michael firstname-database; China column
302,Chu,chu,Chu,?,-7,Matthias Winkelmann / Jorg Michael firstname-database; China column
303,Cui,cui,Cui,?,-7,Matthias Winkelmann / Jorg Michael firstname-database; China column
304,Cun,cun,Cun,?,-7,Matthias Winkelmann / Jorg Michael firstname-database; China column
305,Dao,dao,Dao,?,-7,Matthias Winkelmann / Jorg Michael firstname-database; China column
306,Dun,dun,Dun,?,-7,Matthias Winkelmann / Jorg Michael firstname-database; China column
307,Gui,gui,Gui,?,-7,Matthias Winkelmann / Jorg Michael firstname-database; China column
308,Lai,lai,Lai,?,-7,Matthias Winkelmann / Jorg Michael firstname-database; China column
309,Lee,lee,Lee,?,-7,Matthias Winkelmann / Jorg Michael firstname-database; China column
310,Lun,lun,Lun,?,-7,Matthias Winkelmann / Jorg Michael firstname-database; China column
311,Mai,mai,Mai,?,-7,Matthias Winkelmann / Jorg Michael firstname-database; China column
312,Nai,nai,Nai,?,-7,Matthias Winkelmann / Jorg Michael firstname-database; China column
313,Nuo,nuo,Nuo,?,-7,Matthias Winkelmann / Jorg Michael firstname-database; China column
314,Sai,sai,Sai,?,-7,Matthias Winkelmann / Jorg Michael firstname-database; China column
315,Tai,tai,Tai,?,-7,Matthias Winkelmann / Jorg Michael firstname-database; China column
316,Wai,wai,Wai,?,-7,Matthias Winkelmann / Jorg Michael firstname-database; China column
317,Zan,zan,Zan,?,-7,Matthias Winkelmann / Jorg Michael firstname-database; China column
318,Zuo,zuo,Zuo,?,-7,Matthias Winkelmann / Jorg Michael firstname-database; China column
319,Aili,aili,Ai+Li,?,-7,Matthias Winkelmann / Jorg Michael firstname-database; China column
320,Bibo,bibo,Bi+Bo,?,-7,Matthias Winkelmann / Jorg Michael firstname-database; China column
321,Biyu,biyu,Bi+Yu,?,-7,Matthias Winkelmann / Jorg Michael firstname-database; China column
322,Chan,chan,Chan,?,-7,Matthias Winkelmann / Jorg Michael firstname-database; China column
323,Dayu,dayu,Da+Yu,?,-7,Matthias Winkelmann / Jorg Michael firstname-database; China column
324,Dean,dean,De+An,?,-7,Matthias Winkelmann / Jorg Michael firstname-database; China column
325,Deli,deli,De+Li,?,-7,Matthias Winkelmann / Jorg Michael firstname-database; China column
326,Deyi,deyi,De+Yi,?,-7,Matthias Winkelmann / Jorg Michael firstname-database; China column
327,Deyu,deyu,De+Yu,?,-7,Matthias Winkelmann / Jorg Michael firstname-database; China column
328,Enbo,enbo,En+Bo,?,-7,Matthias Winkelmann / Jorg Michael firstname-database; China column
329,Faye,faye,Fa+Ye,?,-7,Matthias Winkelmann / Jorg Michael firstname-database; China column
330,Fuli,fuli,Fu+Li,?,-7,Matthias Winkelmann / Jorg Michael firstname-database; China column
331,Huai,huai,Huai,?,-7,Matthias Winkelmann / Jorg Michael firstname-database; China column
332,Keli,keli,Ke+Li,?,-7,Matthias Winkelmann / Jorg Michael firstname-database; China column
333,Kong,kong,Kong,?,-7,Matthias Winkelmann / Jorg Michael firstname-database; China column
334,Lida,lida,Li+Da,?,-7,Matthias Winkelmann / Jorg Michael firstname-database; China column
335,Lifu,lifu,Li+Fu,?,-7,Matthias Winkelmann / Jorg Michael firstname-database; China column
336,Liyu,liyu,Li+Yu,?,-7,Matthias Winkelmann / Jorg Michael firstname-database; China column
337,Lulu,lulu,Lu+Lu,?,-7,Matthias Winkelmann / Jorg Michael firstname-database; China column
338,Mang,mang,Mang,?,-7,Matthias Winkelmann / Jorg Michael firstname-database; China column
339,Neng,neng,Neng,?,-7,Matthias Winkelmann / Jorg Michael firstname-database; China column
340,Nian,nian,Nian,?,-7,Matthias Winkelmann / Jorg Michael firstname-database; China column
341,Nong,nong,Nong,?,-7,Matthias Winkelmann / Jorg Michael firstname-database; China column
342,Qifa,qifa,Qi+Fa,?,-7,Matthias Winkelmann / Jorg Michael firstname-database; China column
343,Qiyi,qiyi,Qi+Yi,?,-7,Matthias Winkelmann / Jorg Michael firstname-database; China column
344,Yani,yani,Ya+Ni,?,-7,Matthias Winkelmann / Jorg Michael firstname-database; China column
345,Yibo,yibo,Yi+Bo,?,-7,Matthias Winkelmann / Jorg Michael firstname-database; China column
346,Yifu,yifu,Yi+Fu,?,-7,Matthias Winkelmann / Jorg Michael firstname-database; China column
347,Yixi,yixi,Yi+Xi,?,-7,Matthias Winkelmann / Jorg Michael firstname-database; China column
348,Yung,yung,Yung,?,-7,Matthias Winkelmann / Jorg Michael firstname-database; China column
349,Aifen,aifen,Ai+Fen,?,-7,Matthias Winkelmann / Jorg Michael firstname-database; China column
350,Ailan,ailan,Ai+Lan,?,-7,Matthias Winkelmann / Jorg Michael firstname-database; China column
351,Aiqun,aiqun,Ai+Qun,?,-7,Matthias Winkelmann / Jorg Michael firstname-database; China column
352,Anmin,anmin,An+Min,?,-7,Matthias Winkelmann / Jorg Michael firstname-database; China column
353,Baoan,baoan,Bao+An,?,-7,Matthias Winkelmann / Jorg Michael firstname-database; China column
354,Baoli,baoli,Bao+Li,?,-7,Matthias Winkelmann / Jorg Michael firstname-database; China column
355,Baoyi,baoyi,Bao+Yi,?,-7,Matthias Winkelmann / Jorg Michael firstname-database; China column
356,Baoyu,baoyu,Bao+Yu,?,-7,Matthias Winkelmann / Jorg Michael firstname-database; China column
357,Beili,beili,Bei+Li,?,-7,Matthias Winkelmann / Jorg Michael firstname-database; China column
358,Bihua,bihua,Bi+Hua,?,-7,Matthias Winkelmann / Jorg Michael firstname-database; China column
359,Chien,chien,Chien,?,-7,Matthias Winkelmann / Jorg Michael firstname-database; China column
360,Chung,chung,Chung,?,-7,Matthias Winkelmann / Jorg Michael firstname-database; China column
361,Dahui,dahui,Da+Hui,?,-7,Matthias Winkelmann / Jorg Michael firstname-database; China column
362,Dajun,dajun,Da+Jun,?,-7,Matthias Winkelmann / Jorg Michael firstname-database; China column
363,Danni,danni,Dan+Ni,?,-7,Matthias Winkelmann / Jorg Michael firstname-database; China column
364,Dawen,dawen,Da+Wen,?,-7,Matthias Winkelmann / Jorg Michael firstname-database; China column
365,Dehui,dehui,De+Hui,?,-7,Matthias Winkelmann / Jorg Michael firstname-database; China column
366,Dejun,dejun,De+Jun,?,-7,Matthias Winkelmann / Jorg Michael firstname-database; China column
367,Delin,delin,De+Lin,?,-7,Matthias Winkelmann / Jorg Michael firstname-database; China column
368,Dexin,dexin,De+Xin,?,-7,Matthias Winkelmann / Jorg Michael firstname-database; China column
369,Deyun,deyun,De+Yun,?,-7,Matthias Winkelmann / Jorg Michael firstname-database; China column
370,Fabao,fabao,Fa+Bao,?,-7,Matthias Winkelmann / Jorg Michael firstname-database; China column
371,Fuhua,fuhua,Fu+Hua,?,-7,Matthias Winkelmann / Jorg Michael firstname-database; China column
372,Fumin,fumin,Fu+Min,?,-7,Matthias Winkelmann / Jorg Michael firstname-database; China column
373,Guoan,guoan,Guo+An,?,-7,Matthias Winkelmann / Jorg Michael firstname-database; China column
374,Guofu,guofu,Guo+Fu,?,-7,Matthias Winkelmann / Jorg Michael firstname-database; China column
375,Guoli,guoli,Guo+Li,?,-7,Matthias Winkelmann / Jorg Michael firstname-database; China column
376,Guoqi,guoqi,Guo+Qi,?,-7,Matthias Winkelmann / Jorg Michael firstname-database; China column
377,Haidi,haidi,Hai+Di,?,-7,Matthias Winkelmann / Jorg Michael firstname-database; China column
378,Haili,haili,Hai+Li,?,-7,Matthias Winkelmann / Jorg Michael firstname-database; China column
379,Haobo,haobo,Hao+Bo,?,-7,Matthias Winkelmann / Jorg Michael firstname-database; China column
380,Huang,huang,Huang,?,-7,Matthias Winkelmann / Jorg Michael firstname-database; China column
381,Huili,huili,Hui+Li,?,-7,Matthias Winkelmann / Jorg Michael firstname-database; China column
382,Huiyu,huiyu,Hui+Yu,?,-7,Matthias Winkelmann / Jorg Michael firstname-database; China column
383,Jiafu,jiafu,Jia+Fu,?,-7,Matthias Winkelmann / Jorg Michael firstname-database; China column
384,Jiahe,jiahe,Jia+He,?,-7,Matthias Winkelmann / Jorg Michael firstname-database; China column
385,Jiaju,jiaju,Jia+Ju,?,-7,Matthias Winkelmann / Jorg Michael firstname-database; China column
386,Jiayi,jiayi,Jia+Yi,?,-7,Matthias Winkelmann / Jorg Michael firstname-database; China column
387,Jieyi,jieyi,Jie+Yi,?,-7,Matthias Winkelmann / Jorg Michael firstname-database; China column
388,Jilin,jilin,Ji+Lin,?,-7,Matthias Winkelmann / Jorg Michael firstname-database; China column
389,Jinbo,jinbo,Jin+Bo,?,-7,Matthias Winkelmann / Jorg Michael firstname-database; China column
390,Jinfu,jinfu,Jin+Fu,?,-7,Matthias Winkelmann / Jorg Michael firstname-database; China column
391,Jinhe,jinhe,Jin+He,?,-7,Matthias Winkelmann / Jorg Michael firstname-database; China column
392,Jinyi,jinyi,Jin+Yi,?,-7,Matthias Winkelmann / Jorg Michael firstname-database; China column
393,Jiyou,jiyou,Ji+You,?,-7,Matthias Winkelmann / Jorg Michael firstname-database; China column
394,Jiyun,jiyun,Ji+Yun,?,-7,Matthias Winkelmann / Jorg Michael firstname-database; China column
395,Junbo,junbo,Jun+Bo,?,-7,Matthias Winkelmann / Jorg Michael firstname-database; China column
396,Junyi,junyi,Jun+Yi,?,-7,Matthias Winkelmann / Jorg Michael firstname-database; China column
397,Kaiyu,kaiyu,Kai+Yu,?,-7,Matthias Winkelmann / Jorg Michael firstname-database; China column
398,Kebin,kebin,Ke+Bin,?,-7,Matthias Winkelmann / Jorg Michael firstname-database; China column
399,Kefei,kefei,Ke+Fei,?,-7,Matthias Winkelmann / Jorg Michael firstname-database; China column
400,Kejun,kejun,Ke+Jun,?,-7,Matthias Winkelmann / Jorg Michael firstname-database; China column
401,Kelin,kelin,Ke+Lin,?,-7,Matthias Winkelmann / Jorg Michael firstname-database; China column
402,Keqin,keqin,Ke+Qin,?,-7,Matthias Winkelmann / Jorg Michael firstname-database; China column
403,Kexin,kexin,Ke+Xin,?,-7,Matthias Winkelmann / Jorg Michael firstname-database; China column
404,Lifan,lifan,Li+Fan,?,-7,Matthias Winkelmann / Jorg Michael firstname-database; China column
405,Liguo,liguo,Li+Guo,?,-7,Matthias Winkelmann / Jorg Michael firstname-database; China column
406,Lijia,lijia,Li+Jia,?,-7,Matthias Winkelmann / Jorg Michael firstname-database; China column
407,Likun,likun,Li+Kun,?,-7,Matthias Winkelmann / Jorg Michael firstname-database; China column
408,Linna,linna,Lin+Na,?,-7,Matthias Winkelmann / Jorg Michael firstname-database; China column
409,Lisha,lisha,Li+Sha,?,-7,Matthias Winkelmann / Jorg Michael firstname-database; China column
410,Liyun,liyun,Li+Yun,?,-7,Matthias Winkelmann / Jorg Michael firstname-database; China column
411,Lizhi,lizhi,Li+Zhi,?,-7,Matthias Winkelmann / Jorg Michael firstname-database; China column
412,Lizhu,lizhu,Li+Zhu,?,-7,Matthias Winkelmann / Jorg Michael firstname-database; China column
413,Naili,naili,Nai+Li,?,-7,Matthias Winkelmann / Jorg Michael firstname-database; China column
414,Peiyi,peiyi,Pei+Yi,?,-7,Matthias Winkelmann / Jorg Michael firstname-database; China column
415,Peiyu,peiyu,Pei+Yu,?,-7,Matthias Winkelmann / Jorg Michael firstname-database; China column
416,Qijun,qijun,Qi+Jun,?,-7,Matthias Winkelmann / Jorg Michael firstname-database; China column
417,Qiuju,qiuju,Qiu+Ju,?,-7,Matthias Winkelmann / Jorg Michael firstname-database; China column
418,Qiwei,qiwei,Qi+Wei,?,-7,Matthias Winkelmann / Jorg Michael firstname-database; China column
419,Qiwen,qiwen,Qi+Wen,?,-7,Matthias Winkelmann / Jorg Michael firstname-database; China column
420,Renli,renli,Ren+Li,?,-7,Matthias Winkelmann / Jorg Michael firstname-database; China column
421,Ruili,ruili,Rui+Li,?,-7,Matthias Winkelmann / Jorg Michael firstname-database; China column
422,Ruiwu,ruiwu,Rui+Wu,?,-7,Matthias Winkelmann / Jorg Michael firstname-database; China column
423,Rulin,rulin,Ru+Lin,?,-7,Matthias Winkelmann / Jorg Michael firstname-database; China column
424,Shang,shang,Shang,?,-7,Matthias Winkelmann / Jorg Michael firstname-database; China column
425,Shibo,shibo,Shi+Bo,?,-7,Matthias Winkelmann / Jorg Michael firstname-database; China column
426,Shihe,shihe,Shi+He,?,-7,Matthias Winkelmann / Jorg Michael firstname-database; China column
427,Shiwu,shiwu,Shi+Wu,?,-7,Matthias Winkelmann / Jorg Michael firstname-database; China column
428,Shiyi,shiyi,Shi+Yi,?,-7,Matthias Winkelmann / Jorg Michael firstname-database; China column
429,Shiyu,shiyu,Shi+Yu,?,-7,Matthias Winkelmann / Jorg Michael firstname-database; China column
430,Shuli,shuli,Shu+Li,?,-7,Matthias Winkelmann / Jorg Michael firstname-database; China column
431,Suhua,suhua,Su+Hua,?,-7,Matthias Winkelmann / Jorg Michael firstname-database; China column
432,Sumin,sumin,Su+Min,?,-7,Matthias Winkelmann / Jorg Michael firstname-database; China column
433,Suqin,suqin,Su+Qin,?,-7,Matthias Winkelmann / Jorg Michael firstname-database; China column
434,Suxia,suxia,Su+Xia,?,-7,Matthias Winkelmann / Jorg Michael firstname-database; China column
435,Wanli,wanli,Wan+Li,?,-7,Matthias Winkelmann / Jorg Michael firstname-database; China column
436,Weina,weina,Wei+Na,?,-7,Matthias Winkelmann / Jorg Michael firstname-database; China column
437,Weiya,weiya,Wei+Ya,?,-7,Matthias Winkelmann / Jorg Michael firstname-database; China column
438,Weiyi,weiyi,Wei+Yi,?,-7,Matthias Winkelmann / Jorg Michael firstname-database; China column
439,Wenhu,wenhu,Wen+Hu,?,-7,Matthias Winkelmann / Jorg Michael firstname-database; China column
440,Wenju,wenju,Wen+Ju,?,-7,Matthias Winkelmann / Jorg Michael firstname-database; China column
441,Wenqi,wenqi,Wen+Qi,?,-7,Matthias Winkelmann / Jorg Michael firstname-database; China column
442,Wenwu,wenwu,Wen+Wu,?,-7,Matthias Winkelmann / Jorg Michael firstname-database; China column
443,Wenya,wenya,Wen+Ya,?,-7,Matthias Winkelmann / Jorg Michael firstname-database; China column
444,Wenyi,wenyi,Wen+Yi,?,-7,Matthias Winkelmann / Jorg Michael firstname-database; China column
445,Xibin,xibin,Xi+Bin,?,-7,Matthias Winkelmann / Jorg Michael firstname-database; China column
446,Xilin,xilin,Xi+Lin,?,-7,Matthias Winkelmann / Jorg Michael firstname-database; China column
447,Xinli,xinli,Xin+Li,?,-7,Matthias Winkelmann / Jorg Michael firstname-database; China column
448,Xinqi,xinqi,Xin+Qi,?,-7,Matthias Winkelmann / Jorg Michael firstname-database; China column
449,Xinru,xinru,Xin+Ru,?,-7,Matthias Winkelmann / Jorg Michael firstname-database; China column
450,Xinyi,xinyi,Xin+Yi,?,-7,Matthias Winkelmann / Jorg Michael firstname-database; China column
451,Xueli,xueli,Xue+Li,?,-7,Matthias Winkelmann / Jorg Michael firstname-database; China column
452,Xuhui,xuhui,Xu+Hui,?,-7,Matthias Winkelmann / Jorg Michael firstname-database; China column
453,Yabin,yabin,Ya+Bin,?,-7,Matthias Winkelmann / Jorg Michael firstname-database; China column
454,Yahua,yahua,Ya+Hua,?,-7,Matthias Winkelmann / Jorg Michael firstname-database; China column
455,Yahui,yahui,Ya+Hui,?,-7,Matthias Winkelmann / Jorg Michael firstname-database; China column
456,Yajie,yajie,Ya+Jie,?,-7,Matthias Winkelmann / Jorg Michael firstname-database; China column
457,Yalei,yalei,Ya+Lei,?,-7,Matthias Winkelmann / Jorg Michael firstname-database; China column
458,Yamei,yamei,Ya+Mei,?,-7,Matthias Winkelmann / Jorg Michael firstname-database; China column
459,Yamin,yamin,Ya+Min,?,-7,Matthias Winkelmann / Jorg Michael firstname-database; China column
460,Yanna,yanna,Yan+Na,?,-7,Matthias Winkelmann / Jorg Michael firstname-database; China column
461,Yanni,yanni,Yan+Ni,?,-7,Matthias Winkelmann / Jorg Michael firstname-database; China column
462,Yanru,yanru,Yan+Ru,?,-7,Matthias Winkelmann / Jorg Michael firstname-database; China column
463,Yaqin,yaqin,Ya+Qin,?,-7,Matthias Winkelmann / Jorg Michael firstname-database; China column
464,Yawen,yawen,Ya+Wen,?,-7,Matthias Winkelmann / Jorg Michael firstname-database; China column
465,Yaxin,yaxin,Ya+Xin,?,-7,Matthias Winkelmann / Jorg Michael firstname-database; China column
466,Yihui,yihui,Yi+Hui,?,-7,Matthias Winkelmann / Jorg Michael firstname-database; China column
467,Yijie,yijie,Yi+Jie,?,-7,Matthias Winkelmann / Jorg Michael firstname-database; China column
468,Yijin,yijin,Yi+Jin,?,-7,Matthias Winkelmann / Jorg Michael firstname-database; China column
469,Yilan,yilan,Yi+Lan,?,-7,Matthias Winkelmann / Jorg Michael firstname-database; China column
470,Yinan,yinan,Yi+Nan,?,-7,Matthias Winkelmann / Jorg Michael firstname-database; China column
471,Yiqin,yiqin,Yi+Qin,?,-7,Matthias Winkelmann / Jorg Michael firstname-database; China column
472,Yiqun,yiqun,Yi+Qun,?,-7,Matthias Winkelmann / Jorg Michael firstname-database; China column
473,Yiyao,yiyao,Yi+Yao,?,-7,Matthias Winkelmann / Jorg Michael firstname-database; China column
474,Youli,youli,You+Li,?,-7,Matthias Winkelmann / Jorg Michael firstname-database; China column
475,Yubao,yubao,Yu+Bao,?,-7,Matthias Winkelmann / Jorg Michael firstname-database; China column
476,Yubin,yubin,Yu+Bin,?,-7,Matthias Winkelmann / Jorg Michael firstname-database; China column
477,Yufei,yufei,Yu+Fei,?,-7,Matthias Winkelmann / Jorg Michael firstname-database; China column
478,Yufen,yufen,Yu+Fen,?,-7,Matthias Winkelmann / Jorg Michael firstname-database; China column
479,Yujin,yujin,Yu+Jin,?,-7,Matthias Winkelmann / Jorg Michael firstname-database; China column
480,Yujun,yujun,Yu+Jun,?,-7,Matthias Winkelmann / Jorg Michael firstname-database; China column
481,Yuqiu,yuqiu,Yu+Qiu,?,-7,Matthias Winkelmann / Jorg Michael firstname-database; China column
482,Yuwei,yuwei,Yu+Wei,?,-7,Matthias Winkelmann / Jorg Michael firstname-database; China column
483,Yuwen,yuwen,Yu+Wen,?,-7,Matthias Winkelmann / Jorg Michael firstname-database; China column
484,Yuxia,yuxia,Yu+Xia,?,-7,Matthias Winkelmann / Jorg Michael firstname-database; China column
485,Yuxiu,yuxiu,Yu+Xiu,?,-7,Matthias Winkelmann / Jorg Michael firstname-database; China column
486,Yuzhi,yuzhi,Yu+Zhi,?,-7,Matthias Winkelmann / Jorg Michael firstname-database; China column
487,Zhian,zhian,Zhi+An,?,-7,Matthias Winkelmann / Jorg Michael firstname-database; China column
488,Zhifu,zhifu,Zhi+Fu,?,-7,Matthias Winkelmann / Jorg Michael firstname-database; China column
489,Zhihe,zhihe,Zhi+He,?,-7,Matthias Winkelmann / Jorg Michael firstname-database; China column
490,Zhili,zhili,Zhi+Li,?,-7,Matthias Winkelmann / Jorg Michael firstname-database; China column
491,Zhiqi,zhiqi,Zhi+Qi,?,-7,Matthias Winkelmann / Jorg Michael firstname-database; China column
492,Zhiyi,zhiyi,Zhi+Yi,?,-7,Matthias Winkelmann / Jorg Michael firstname-database; China column
493,Zilai,zilai,Zi+Lai,?,-7,Matthias Winkelmann / Jorg Michael firstname-database; China column
494,Ziwei,ziwei,Zi+Wei,?,-7,Matthias Winkelmann / Jorg Michael firstname-database; China column
495,Ci,ci,Ci,?,-8,Matthias Winkelmann / Jorg Michael firstname-database; China column
496,Du,du,Du,?,-8,Matthias Winkelmann / Jorg Michael firstname-database; China column
497,Er,er,Er,?,-8,Matthias Winkelmann / Jorg Michael firstname-database; China column
498,Ga,ga,Ga,?,-8,Matthias Winkelmann / Jorg Michael firstname-database; China column
499,Ma,ma,Ma,?,-8,Matthias Winkelmann / Jorg Michael firstname-database; China column
500,Nu,nu,Nu,?,-8,Matthias Winkelmann / Jorg Michael firstname-database; China column
501,Qu,qu,Qu,?,-8,Matthias Winkelmann / Jorg Michael firstname-database; China column
502,Se,se,Se,?,-8,Matthias Winkelmann / Jorg Michael firstname-database; China column
503,Si,si,Si,?,-8,Matthias Winkelmann / Jorg Michael firstname-database; China column
504,Wo,wo,Wo,?,-8,Matthias Winkelmann / Jorg Michael firstname-database; China column
505,Cao,cao,Cao,?,-8,Matthias Winkelmann / Jorg Michael firstname-database; China column
506,Cen,cen,Cen,?,-8,Matthias Winkelmann / Jorg Michael firstname-database; China column
507,Dou,dou,Dou,?,-8,Matthias Winkelmann / Jorg Michael firstname-database; China column
508,Gen,gen,Gen,?,-8,Matthias Winkelmann / Jorg Michael firstname-database; China column
509,Hou,hou,Hou,?,-8,Matthias Winkelmann / Jorg Michael firstname-database; China column
510,Jee,jee,Jee,?,-8,Matthias Winkelmann / Jorg Michael firstname-database; China column
511,Jen,jen,Jen,?,-8,Matthias Winkelmann / Jorg Michael firstname-database; China column
512,Jiu,jiu,Jiu,?,-8,Matthias Winkelmann / Jorg Michael firstname-database; China column
513,Kam,kam,Kam,?,-8,Matthias Winkelmann / Jorg Michael firstname-database; China column
514,Kin,kin,Kin,?,-8,Matthias Winkelmann / Jorg Michael firstname-database; China column
515,Kuo,kuo,Kuo,?,-8,Matthias Winkelmann / Jorg Michael firstname-database; China column
516,Lao,lao,Lao,?,-8,Matthias Winkelmann / Jorg Michael firstname-database; China column
517,Lue,lue,Lue,?,-8,Matthias Winkelmann / Jorg Michael firstname-database; China column
518,Niu,niu,Niu,?,-8,Matthias Winkelmann / Jorg Michael firstname-database; China column
519,Pen,pen,Pen,?,-8,Matthias Winkelmann / Jorg Michael firstname-database; China column
520,Pui,pui,Pui,?,-8,Matthias Winkelmann / Jorg Michael firstname-database; China column
521,Rae,rae,Rae,?,-8,Matthias Winkelmann / Jorg Michael firstname-database; China column
522,Rao,rao,Rao,?,-8,Matthias Winkelmann / Jorg Michael firstname-database; China column
523,Rei,rei,Rei,?,-8,Matthias Winkelmann / Jorg Michael firstname-database; China column
524,Riu,riu,Riu,?,-8,Matthias Winkelmann / Jorg Michael firstname-database; China column
525,Rou,rou,Rou,?,-8,Matthias Winkelmann / Jorg Michael firstname-database; China column
526,Ruo,ruo,Ruo,?,-8,Matthias Winkelmann / Jorg Michael firstname-database; China column
527,Tsu,tsu,Tsu,?,-8,Matthias Winkelmann / Jorg Michael firstname-database; China column
528,Tuo,tuo,Tuo,?,-8,Matthias Winkelmann / Jorg Michael firstname-database; China column
529,Way,way,Way,?,-8,Matthias Winkelmann / Jorg Michael firstname-database; China column
530,Xie,xie,Xie,?,-8,Matthias Winkelmann / Jorg Michael firstname-database; China column
531,Yee,yee,Yee,?,-8,Matthias Winkelmann / Jorg Michael firstname-database; China column
532,Yen,yen,Yen,?,-8,Matthias Winkelmann / Jorg Michael firstname-database; China column
533,Zao,zao,Zao,?,-8,Matthias Winkelmann / Jorg Michael firstname-database; China column
534,Aidi,aidi,Ai+Di,?,-8,Matthias Winkelmann / Jorg Michael firstname-database; China column
535,Aifu,aifu,Ai+Fu,?,-8,Matthias Winkelmann / Jorg Michael firstname-database; China column
536,Aiju,aiju,Ai+Ju,?,-8,Matthias Winkelmann / Jorg Michael firstname-database; China column
537,Airu,airu,Ai+Ru,?,-8,Matthias Winkelmann / Jorg Michael firstname-database; China column
538,Aiwu,aiwu,Ai+Wu,?,-8,Matthias Winkelmann / Jorg Michael firstname-database; China column
539,Amei,amei,A+Mei,?,-8,Matthias Winkelmann / Jorg Michael firstname-database; China column
540,Amin,amin,A+Min,?,-8,Matthias Winkelmann / Jorg Michael firstname-database; China column
541,Anan,anan,An+An,?,-8,Matthias Winkelmann / Jorg Michael firstname-database; China column
542,Ande,ande,An+De,?,-8,Matthias Winkelmann / Jorg Michael firstname-database; China column
543,Anli,anli,An+Li,?,-8,Matthias Winkelmann / Jorg Michael firstname-database; China column
544,Anqi,anqi,An+Qi,?,-8,Matthias Winkelmann / Jorg Michael firstname-database; China column
545,Anru,anru,An+Ru,?,-8,Matthias Winkelmann / Jorg Michael firstname-database; China column
546,Anyu,anyu,An+Yu,?,-8,Matthias Winkelmann / Jorg Michael firstname-database; China column
547,Bang,bang,Bang,?,-8,Matthias Winkelmann / Jorg Michael firstname-database; China column
548,Bian,bian,Bian,?,-8,Matthias Winkelmann / Jorg Michael firstname-database; China column
549,Bida,bida,Bi+Da,?,-8,Matthias Winkelmann / Jorg Michael firstname-database; China column
550,Bide,bide,Bi+De,?,-8,Matthias Winkelmann / Jorg Michael firstname-database; China column
551,Biwu,biwu,Bi+Wu,?,-8,Matthias Winkelmann / Jorg Michael firstname-database; China column
552,Boan,boan,Bo+An,?,-8,Matthias Winkelmann / Jorg Michael firstname-database; China column
553,Boda,boda,Bo+Da,?,-8,Matthias Winkelmann / Jorg Michael firstname-database; China column
554,Bofu,bofu,Bo+Fu,?,-8,Matthias Winkelmann / Jorg Michael firstname-database; China column
555,Boli,boli,Bo+Li,?,-8,Matthias Winkelmann / Jorg Michael firstname-database; China column
556,Boyu,boyu,Bo+Yu,?,-8,Matthias Winkelmann / Jorg Michael firstname-database; China column
557,Cang,cang,Cang,?,-8,Matthias Winkelmann / Jorg Michael firstname-database; China column
558,Chia,chia,Chia,?,-8,Matthias Winkelmann / Jorg Michael firstname-database; China column
559,Chin,chin,Chin,?,-8,Matthias Winkelmann / Jorg Michael firstname-database; China column
560,Chiu,chiu,Chiu,?,-8,Matthias Winkelmann / Jorg Michael firstname-database; China column
561,Dabo,dabo,Da+Bo,?,-8,Matthias Winkelmann / Jorg Michael firstname-database; China column
562,Dafu,dafu,Da+Fu,?,-8,Matthias Winkelmann / Jorg Michael firstname-database; China column
563,Dahe,dahe,Da+He,?,-8,Matthias Winkelmann / Jorg Michael firstname-database; China column
564,Daji,daji,Da+Ji,?,-8,Matthias Winkelmann / Jorg Michael firstname-database; China column
565,Daju,daju,Da+Ju,?,-8,Matthias Winkelmann / Jorg Michael firstname-database; China column
566,Dake,dake,Da+Ke,?,-8,Matthias Winkelmann / Jorg Michael firstname-database; China column
567,Dalu,dalu,Da+Lu,?,-8,Matthias Winkelmann / Jorg Michael firstname-database; China column
568,Dang,dang,Dang,?,-8,Matthias Winkelmann / Jorg Michael firstname-database; China column
569,Daqi,daqi,Da+Qi,?,-8,Matthias Winkelmann / Jorg Michael firstname-database; China column
570,Daxi,daxi,Da+Xi,?,-8,Matthias Winkelmann / Jorg Michael firstname-database; China column
571,Daxu,daxu,Da+Xu,?,-8,Matthias Winkelmann / Jorg Michael firstname-database; China column
572,Daye,daye,Da+Ye,?,-8,Matthias Winkelmann / Jorg Michael firstname-database; China column
573,Defa,defa,De+Fa,?,-8,Matthias Winkelmann / Jorg Michael firstname-database; China column
574,Defu,defu,De+Fu,?,-8,Matthias Winkelmann / Jorg Michael firstname-database; China column
575,Dehe,dehe,De+He,?,-8,Matthias Winkelmann / Jorg Michael firstname-database; China column
576,Delu,delu,De+Lu,?,-8,Matthias Winkelmann / Jorg Michael firstname-database; China column
577,Deng,deng,Deng,?,-8,Matthias Winkelmann / Jorg Michael firstname-database; China column
578,Deqi,deqi,De+Qi,?,-8,Matthias Winkelmann / Jorg Michael firstname-database; China column
579,Dian,dian,Dian,?,-8,Matthias Winkelmann / Jorg Michael firstname-database; China column
580,Ende,ende,En+De,?,-8,Matthias Winkelmann / Jorg Michael firstname-database; China column
581,Enyu,enyu,En+Yu,?,-8,Matthias Winkelmann / Jorg Michael firstname-database; China column
582,Erhe,erhe,Er+He,?,-8,Matthias Winkelmann / Jorg Michael firstname-database; China column
583,Eryu,eryu,Er+Yu,?,-8,Matthias Winkelmann / Jorg Michael firstname-database; China column
584,Fadi,fadi,Fa+Di,?,-8,Matthias Winkelmann / Jorg Michael firstname-database; China column
585,Faqi,faqi,Fa+Qi,?,-8,Matthias Winkelmann / Jorg Michael firstname-database; China column
586,Fayi,fayi,Fa+Yi,?,-8,Matthias Winkelmann / Jorg Michael firstname-database; China column
587,Fuan,fuan,Fu+An,?,-8,Matthias Winkelmann / Jorg Michael firstname-database; China column
588,Fude,fude,Fu+De,?,-8,Matthias Winkelmann / Jorg Michael firstname-database; China column
589,Furu,furu,Fu+Ru,?,-8,Matthias Winkelmann / Jorg Michael firstname-database; China column
590,Fuye,fuye,Fu+Ye,?,-8,Matthias Winkelmann / Jorg Michael firstname-database; China column
591,Fuyi,fuyi,Fu+Yi,?,-8,Matthias Winkelmann / Jorg Michael firstname-database; China column
592,Fuyu,fuyu,Fu+Yu,?,-8,Matthias Winkelmann / Jorg Michael firstname-database; China column
593,Geli,geli,Ge+Li,?,-8,Matthias Winkelmann / Jorg Michael firstname-database; China column
594,Heli,heli,He+Li,?,-8,Matthias Winkelmann / Jorg Michael firstname-database; China column
595,Heyu,heyu,He+Yu,?,-8,Matthias Winkelmann / Jorg Michael firstname-database; China column
596,Hsin,hsin,Hsin,?,-8,Matthias Winkelmann / Jorg Michael firstname-database; China column
597,Huei,huei,Huei,?,-8,Matthias Winkelmann / Jorg Michael firstname-database; China column
598,Hung,hung,Hung,?,-8,Matthias Winkelmann / Jorg Michael firstname-database; China column
599,Iwen,iwen,I+Wen,?,-8,Matthias Winkelmann / Jorg Michael firstname-database; China column
600,Jeng,jeng,Jeng,?,-8,Matthias Winkelmann / Jorg Michael firstname-database; China column
601,Jibo,jibo,Ji+Bo,?,-8,Matthias Winkelmann / Jorg Michael firstname-database; China column
602,Jide,jide,Ji+De,?,-8,Matthias Winkelmann / Jorg Michael firstname-database; China column
603,Jifu,jifu,Ji+Fu,?,-8,Matthias Winkelmann / Jorg Michael firstname-database; China column
604,Jili,jili,Ji+Li,?,-8,Matthias Winkelmann / Jorg Michael firstname-database; China column
605,Jina,jina,Jin+A,?,-8,Matthias Winkelmann / Jorg Michael firstname-database; China column
606,Jine,jine,Jin+E,?,-8,Matthias Winkelmann / Jorg Michael firstname-database; China column
607,Jiru,jiru,Ji+Ru,?,-8,Matthias Winkelmann / Jorg Michael firstname-database; China column
608,Jiun,jiun,Jiun,?,-8,Matthias Winkelmann / Jorg Michael firstname-database; China column
609,Jiwu,jiwu,Ji+Wu,?,-8,Matthias Winkelmann / Jorg Michael firstname-database; China column
610,Jiye,jiye,Ji+Ye,?,-8,Matthias Winkelmann / Jorg Michael firstname-database; China column
611,Jiyi,jiyi,Ji+Yi,?,-8,Matthias Winkelmann / Jorg Michael firstname-database; China column
612,Jubo,jubo,Ju+Bo,?,-8,Matthias Winkelmann / Jorg Michael firstname-database; China column
613,June,june,Jun+E,?,-8,Matthias Winkelmann / Jorg Michael firstname-database; China column
614,Kean,kean,Ke+An,?,-8,Matthias Winkelmann / Jorg Michael firstname-database; China column
615,Kedi,kedi,Ke+Di,?,-8,Matthias Winkelmann / Jorg Michael firstname-database; China column
616,Kefu,kefu,Ke+Fu,?,-8,Matthias Winkelmann / Jorg Michael firstname-database; China column
617,Kehe,kehe,Ke+He,?,-8,Matthias Winkelmann / Jorg Michael firstname-database; China column
618,Keji,keji,Ke+Ji,?,-8,Matthias Winkelmann / Jorg Michael firstname-database; China column
619,Keke,keke,Ke+Ke,?,-8,Matthias Winkelmann / Jorg Michael firstname-database; China column
620,Keng,keng,Keng,?,-8,Matthias Winkelmann / Jorg Michael firstname-database; China column
621,Keni,keni,Ken+I,?,-8,Matthias Winkelmann / Jorg Michael firstname-database; China column
622,Keqi,keqi,Ke+Qi,?,-8,Matthias Winkelmann / Jorg Michael firstname-database; China column
623,Kewu,kewu,Ke+Wu,?,-8,Matthias Winkelmann / Jorg Michael firstname-database; China column
624,Keya,keya,Ke+Ya,?,-8,Matthias Winkelmann / Jorg Michael firstname-database; China column
625,Keyu,keyu,Ke+Yu,?,-8,Matthias Winkelmann / Jorg Michael firstname-database; China column
626,King,king,King,?,-8,Matthias Winkelmann / Jorg Michael firstname-database; China column
627,Kuan,kuan,Kuan,?,-8,Matthias Winkelmann / Jorg Michael firstname-database; China column
628,Lefu,lefu,Le+Fu,?,-8,Matthias Winkelmann / Jorg Michael firstname-database; China column
629,Lele,lele,Le+Le,?,-8,Matthias Winkelmann / Jorg Michael firstname-database; China column
630,Lepu,lepu,Le+Pu,?,-8,Matthias Winkelmann / Jorg Michael firstname-database; China column
631,Leyi,leyi,Le+Yi,?,-8,Matthias Winkelmann / Jorg Michael firstname-database; China column
632,Leyu,leyu,Le+Yu,?,-8,Matthias Winkelmann / Jorg Michael firstname-database; China column
633,Liao,liao,Liao,?,-8,Matthias Winkelmann / Jorg Michael firstname-database; China column
634,Lide,lide,Li+De,?,-8,Matthias Winkelmann / Jorg Michael firstname-database; China column
635,Lien,lien,Lien,?,-8,Matthias Winkelmann / Jorg Michael firstname-database; China column
636,Lihe,lihe,Li+He,?,-8,Matthias Winkelmann / Jorg Michael firstname-database; China column
637,Liji,liji,Li+Ji,?,-8,Matthias Winkelmann / Jorg Michael firstname-database; China column
638,Liju,liju,Li+Ju,?,-8,Matthias Winkelmann / Jorg Michael firstname-database; China column
639,Lilu,lilu,Li+Lu,?,-8,Matthias Winkelmann / Jorg Michael firstname-database; China column
640,Liqi,liqi,Li+Qi,?,-8,Matthias Winkelmann / Jorg Michael firstname-database; China column
641,Liru,liru,Li+Ru,?,-8,Matthias Winkelmann / Jorg Michael firstname-database; China column
642,Lite,lite,Li+Te,?,-8,Matthias Winkelmann / Jorg Michael firstname-database; China column
643,Liwu,liwu,Li+Wu,?,-8,Matthias Winkelmann / Jorg Michael firstname-database; China column
644,Liye,liye,Li+Ye,?,-8,Matthias Winkelmann / Jorg Michael firstname-database; China column
645,Liyi,liyi,Li+Yi,?,-8,Matthias Winkelmann / Jorg Michael firstname-database; China column
646,Lubo,lubo,Lu+Bo,?,-8,Matthias Winkelmann / Jorg Michael firstname-database; China column
647,Luke,luke,Lu+Ke,?,-8,Matthias Winkelmann / Jorg Michael firstname-database; China column
648,Luyi,luyi,Lu+Yi,?,-8,Matthias Winkelmann / Jorg Michael firstname-database; China column
649,Mali,mali,Ma+Li,?,-8,Matthias Winkelmann / Jorg Michael firstname-database; China column
650,Mimi,mimi,Mi+Mi,?,-8,Matthias Winkelmann / Jorg Michael firstname-database; China column
651,Moli,moli,Mo+Li,?,-8,Matthias Winkelmann / Jorg Michael firstname-database; China column
652,Pixu,pixu,Pi+Xu,?,-8,Matthias Winkelmann / Jorg Michael firstname-database; China column
653,Qibo,qibo,Qi+Bo,?,-8,Matthias Winkelmann / Jorg Michael firstname-database; China column
654,Qidi,qidi,Qi+Di,?,-8,Matthias Winkelmann / Jorg Michael firstname-database; China column
655,Qien,qien,Qi+En,?,-8,Matthias Winkelmann / Jorg Michael firstname-database; China column
656,Qifu,qifu,Qi+Fu,?,-8,Matthias Winkelmann / Jorg Michael firstname-database; China column
657,Qihe,qihe,Qi+He,?,-8,Matthias Winkelmann / Jorg Michael firstname-database; China column
658,Qili,qili,Qi+Li,?,-8,Matthias Winkelmann / Jorg Michael firstname-database; China column
659,Qiqi,qiqi,Qi+Qi,?,-8,Matthias Winkelmann / Jorg Michael firstname-database; China column
660,Qiru,qiru,Qi+Ru,?,-8,Matthias Winkelmann / Jorg Michael firstname-database; China column
661,Qiwu,qiwu,Qi+Wu,?,-8,Matthias Winkelmann / Jorg Michael firstname-database; China column
662,Qixu,qixu,Qi+Xu,?,-8,Matthias Winkelmann / Jorg Michael firstname-database; China column
663,Qiya,qiya,Qi+Ya,?,-8,Matthias Winkelmann / Jorg Michael firstname-database; China column
664,Qiyu,qiyu,Qi+Yu,?,-8,Matthias Winkelmann / Jorg Michael firstname-database; China column
665,Rena,rena,Ren+A,?,-8,Matthias Winkelmann / Jorg Michael firstname-database; China column
666,Rile,rile,Ri+Le,?,-8,Matthias Winkelmann / Jorg Michael firstname-database; China column
667,Rina,rina,Ri+Na,?,-8,Matthias Winkelmann / Jorg Michael firstname-database; China column
668,Riqi,riqi,Ri+Qi,?,-8,Matthias Winkelmann / Jorg Michael firstname-database; China column
669,Ruan,ruan,Ru+An,?,-8,Matthias Winkelmann / Jorg Michael firstname-database; China column
670,Ruyu,ruyu,Ru+Yu,?,-8,Matthias Winkelmann / Jorg Michael firstname-database; China column
671,Sang,sang,Sang,?,-8,Matthias Winkelmann / Jorg Michael firstname-database; China column
672,Seng,seng,Seng,?,-8,Matthias Winkelmann / Jorg Michael firstname-database; China column
673,Shih,shih,Shih,?,-8,Matthias Winkelmann / Jorg Michael firstname-database; China column
674,Shou,shou,Shou,?,-8,Matthias Winkelmann / Jorg Michael firstname-database; China column
675,Side,side,Si+De,?,-8,Matthias Winkelmann / Jorg Michael firstname-database; China column
676,Sihe,sihe,Si+He,?,-8,Matthias Winkelmann / Jorg Michael firstname-database; China column
677,Sili,sili,Si+Li,?,-8,Matthias Winkelmann / Jorg Michael firstname-database; China column
678,Siqi,siqi,Si+Qi,?,-8,Matthias Winkelmann / Jorg Michael firstname-database; China column
679,Siyi,siyi,Si+Yi,?,-8,Matthias Winkelmann / Jorg Michael firstname-database; China column
680,Siyu,siyu,Si+Yu,?,-8,Matthias Winkelmann / Jorg Michael firstname-database; China column
681,Suan,suan,Suan,?,-8,Matthias Winkelmann / Jorg Michael firstname-database; China column
682,Suli,suli,Su+Li,?,-8,Matthias Winkelmann / Jorg Michael firstname-database; China column
683,Suna,suna,Sun+A,?,-8,Matthias Winkelmann / Jorg Michael firstname-database; China column
684,Suya,suya,Su+Ya,?,-8,Matthias Winkelmann / Jorg Michael firstname-database; China column
685,Suyi,suyi,Su+Yi,?,-8,Matthias Winkelmann / Jorg Michael firstname-database; China column
686,Suyu,suyu,Su+Yu,?,-8,Matthias Winkelmann / Jorg Michael firstname-database; China column
687,Tafu,tafu,Ta+Fu,?,-8,Matthias Winkelmann / Jorg Michael firstname-database; China column
688,Teli,teli,Te+Li,?,-8,Matthias Winkelmann / Jorg Michael firstname-database; China column
689,Tsai,tsai,Tsai,?,-8,Matthias Winkelmann / Jorg Michael firstname-database; China column
690,Tsan,tsan,Tsan,?,-8,Matthias Winkelmann / Jorg Michael firstname-database; China column
691,Wing,wing,Wing,?,-8,Matthias Winkelmann / Jorg Michael firstname-database; China column
692,Wuyi,wuyi,Wu+Yi,?,-8,Matthias Winkelmann / Jorg Michael firstname-database; China column
693,Xifu,xifu,Xi+Fu,?,-8,Matthias Winkelmann / Jorg Michael firstname-database; China column
694,Xihe,xihe,Xi+He,?,-8,Matthias Winkelmann / Jorg Michael firstname-database; China column
695,Xiue,xiue,Xiu+E,?,-8,Matthias Winkelmann / Jorg Michael firstname-database; China column
696,Xixi,xixi,Xi+Xi,?,-8,Matthias Winkelmann / Jorg Michael firstname-database; China column
697,Xiyi,xiyi,Xi+Yi,?,-8,Matthias Winkelmann / Jorg Michael firstname-database; China column
698,Xiyu,xiyu,Xi+Yu,?,-8,Matthias Winkelmann / Jorg Michael firstname-database; China column
699,Yabo,yabo,Ya+Bo,?,-8,Matthias Winkelmann / Jorg Michael firstname-database; China column
700,Yadi,yadi,Ya+Di,?,-8,Matthias Winkelmann / Jorg Michael firstname-database; China column
701,Yaju,yaju,Ya+Ju,?,-8,Matthias Winkelmann / Jorg Michael firstname-database; China column
702,Yalu,yalu,Ya+Lu,?,-8,Matthias Winkelmann / Jorg Michael firstname-database; China column
703,Yana,yana,Yan+A,?,-8,Matthias Winkelmann / Jorg Michael firstname-database; China column
704,Yane,yane,Yan+E,?,-8,Matthias Winkelmann / Jorg Michael firstname-database; China column
705,Yaru,yaru,Ya+Ru,?,-8,Matthias Winkelmann / Jorg Michael firstname-database; China column
706,Yaun,yaun,Yaun,?,-8,Matthias Winkelmann / Jorg Michael firstname-database; China column
707,Yawu,yawu,Ya+Wu,?,-8,Matthias Winkelmann / Jorg Michael firstname-database; China column
708,Yaxi,yaxi,Ya+Xi,?,-8,Matthias Winkelmann / Jorg Michael firstname-database; China column
709,Yaya,yaya,Ya+Ya,?,-8,Matthias Winkelmann / Jorg Michael firstname-database; China column
710,Yefu,yefu,Ye+Fu,?,-8,Matthias Winkelmann / Jorg Michael firstname-database; China column
711,Yian,yian,Yian,?,-8,Matthias Winkelmann / Jorg Michael firstname-database; China column
712,Yida,yida,Yi+Da,?,-8,Matthias Winkelmann / Jorg Michael firstname-database; China column
713,Yide,yide,Yi+De,?,-8,Matthias Winkelmann / Jorg Michael firstname-database; China column
714,Yidi,yidi,Yi+Di,?,-8,Matthias Winkelmann / Jorg Michael firstname-database; China column
715,Yihe,yihe,Yi+He,?,-8,Matthias Winkelmann / Jorg Michael firstname-database; China column
716,Yihu,yihu,Yi+Hu,?,-8,Matthias Winkelmann / Jorg Michael firstname-database; China column
717,Yilu,yilu,Yi+Lu,?,-8,Matthias Winkelmann / Jorg Michael firstname-database; China column
718,Yina,yina,Yin+A,?,-8,Matthias Winkelmann / Jorg Michael firstname-database; China column
719,Yiru,yiru,Yi+Ru,?,-8,Matthias Winkelmann / Jorg Michael firstname-database; China column
720,Yiyi,yiyi,Yi+Yi,?,-8,Matthias Winkelmann / Jorg Michael firstname-database; China column
721,Yiyu,yiyu,Yi+Yu,?,-8,Matthias Winkelmann / Jorg Michael firstname-database; China column
722,Yuai,yuai,Yu+Ai,?,-8,Matthias Winkelmann / Jorg Michael firstname-database; China column
723,Yubo,yubo,Yu+Bo,?,-8,Matthias Winkelmann / Jorg Michael firstname-database; China column
724,Yudi,yudi,Yu+Di,?,-8,Matthias Winkelmann / Jorg Michael firstname-database; China column
725,Yuee,yuee,Yuee,?,-8,Matthias Winkelmann / Jorg Michael firstname-database; China column
726,Yuen,yuen,Yuen,?,-8,Matthias Winkelmann / Jorg Michael firstname-database; China column
727,Yufa,yufa,Yu+Fa,?,-8,Matthias Winkelmann / Jorg Michael firstname-database; China column
728,Yufu,yufu,Yu+Fu,?,-8,Matthias Winkelmann / Jorg Michael firstname-database; China column
729,Yuge,yuge,Yu+Ge,?,-8,Matthias Winkelmann / Jorg Michael firstname-database; China column
730,Yuhe,yuhe,Yu+He,?,-8,Matthias Winkelmann / Jorg Michael firstname-database; China column
731,Yuji,yuji,Yu+Ji,?,-8,Matthias Winkelmann / Jorg Michael firstname-database; China column
732,Yuju,yuju,Yu+Ju,?,-8,Matthias Winkelmann / Jorg Michael firstname-database; China column
733,Yuke,yuke,Yu+Ke,?,-8,Matthias Winkelmann / Jorg Michael firstname-database; China column
734,Yulu,yulu,Yu+Lu,?,-8,Matthias Winkelmann / Jorg Michael firstname-database; China column
735,Yuru,yuru,Yu+Ru,?,-8,Matthias Winkelmann / Jorg Michael firstname-database; China column
736,Yusu,yusu,Yu+Su,?,-8,Matthias Winkelmann / Jorg Michael firstname-database; China column
737,Yuwu,yuwu,Yu+Wu,?,-8,Matthias Winkelmann / Jorg Michael firstname-database; China column
738,Yuxi,yuxi,Yu+Xi,?,-8,Matthias Winkelmann / Jorg Michael firstname-database; China column
739,Yuyu,yuyu,Yu+Yu,?,-8,Matthias Winkelmann / Jorg Michael firstname-database; China column
740,Zebo,zebo,Ze+Bo,?,-8,Matthias Winkelmann / Jorg Michael firstname-database; China column
741,Zeng,zeng,Zeng,?,-8,Matthias Winkelmann / Jorg Michael firstname-database; China column
742,Zeyu,zeyu,Ze+Yu,?,-8,Matthias Winkelmann / Jorg Michael firstname-database; China column
743,Zhun,zhun,Zhun,?,-8,Matthias Winkelmann / Jorg Michael firstname-database; China column
744,Zian,zian,Zi+An,?,-8,Matthias Winkelmann / Jorg Michael firstname-database; China column
745,Zifu,zifu,Zi+Fu,?,-8,Matthias Winkelmann / Jorg Michael firstname-database; China column
746,Zilu,zilu,Zi+Lu,?,-8,Matthias Winkelmann / Jorg Michael firstname-database; China column
747,Ziqi,ziqi,Zi+Qi,?,-8,Matthias Winkelmann / Jorg Michael firstname-database; China column
748,Zixi,zixi,Zi+Xi,?,-8,Matthias Winkelmann / Jorg Michael firstname-database; China column
749,Ziye,ziye,Zi+Ye,?,-8,Matthias Winkelmann / Jorg Michael firstname-database; China column
750,Ziyi,ziyi,Zi+Yi,?,-8,Matthias Winkelmann / Jorg Michael firstname-database; China column
751,Ziyu,ziyu,Zi+Yu,?,-8,Matthias Winkelmann / Jorg Michael firstname-database; China column
752,Zong,zong,Zong,?,-8,Matthias Winkelmann / Jorg Michael firstname-database; China column
753,Zude,zude,Zu+De,?,-8,Matthias Winkelmann / Jorg Michael firstname-database; China column
754,Zuyi,zuyi,Zu+Yi,?,-8,Matthias Winkelmann / Jorg Michael firstname-database; China column
755,Aibin,aibin,Ai+Bin,?,-8,Matthias Winkelmann / Jorg Michael firstname-database; China column
756,Aihui,aihui,Ai+Hui,?,-8,Matthias Winkelmann / Jorg Michael firstname-database; China column
757,Aijie,aijie,Ai+Jie,?,-8,Matthias Winkelmann / Jorg Michael firstname-database; China column
758,Aikun,aikun,Ai+Kun,?,-8,Matthias Winkelmann / Jorg Michael firstname-database; China column
759,Ailin,ailin,Ai+Lin,?,-8,Matthias Winkelmann / Jorg Michael firstname-database; China column
760,Aimei,aimei,Ai+Mei,?,-8,Matthias Winkelmann / Jorg Michael firstname-database; China column
761,Aiwei,aiwei,Ai+Wei,?,-8,Matthias Winkelmann / Jorg Michael firstname-database; China column
762,Aiwen,aiwen,Ai+Wen,?,-8,Matthias Winkelmann / Jorg Michael firstname-database; China column
763,Aixin,aixin,Ai+Xin,?,-8,Matthias Winkelmann / Jorg Michael firstname-database; China column
764,Aixue,aixue,Ai+Xue,?,-8,Matthias Winkelmann / Jorg Michael firstname-database; China column
765,Aiyan,aiyan,Ai+Yan,?,-8,Matthias Winkelmann / Jorg Michael firstname-database; China column
766,Aiyin,aiyin,Ai+Yin,?,-8,Matthias Winkelmann / Jorg Michael firstname-database; China column
767,Aiyue,aiyue,Ai+Yue,?,-8,Matthias Winkelmann / Jorg Michael firstname-database; China column
768,Aiyun,aiyun,Ai+Yun,?,-8,Matthias Winkelmann / Jorg Michael firstname-database; China column
769,Aizhi,aizhi,Ai+Zhi,?,-8,Matthias Winkelmann / Jorg Michael firstname-database; China column
770,Aizhu,aizhu,Ai+Zhu,?,-8,Matthias Winkelmann / Jorg Michael firstname-database; China column
771,Alian,alian,A+Lian,?,-8,Matthias Winkelmann / Jorg Michael firstname-database; China column
772,Anchi,anchi,An+Chi,?,-8,Matthias Winkelmann / Jorg Michael firstname-database; China column
773,Anguo,anguo,An+Guo,?,-8,Matthias Winkelmann / Jorg Michael firstname-database; China column
774,Anhua,anhua,An+Hua,?,-8,Matthias Winkelmann / Jorg Michael firstname-database; China column
775,Anjie,anjie,An+Jie,?,-8,Matthias Winkelmann / Jorg Michael firstname-database; China column
776,Anlin,anlin,An+Lin,?,-8,Matthias Winkelmann / Jorg Michael firstname-database; China column
777,Anshi,anshi,An+Shi,?,-8,Matthias Winkelmann / Jorg Michael firstname-database; China column
778,Antai,antai,An+Tai,?,-8,Matthias Winkelmann / Jorg Michael firstname-database; China column
779,Anyou,anyou,An+You,?,-8,Matthias Winkelmann / Jorg Michael firstname-database; China column
780,Aying,aying,A+Ying,?,-8,Matthias Winkelmann / Jorg Michael firstname-database; China column
781,Baiyu,baiyu,Bai+Yu,?,-8,Matthias Winkelmann / Jorg Michael firstname-database; China column
782,Baoen,baoen,Bao+En,?,-8,Matthias Winkelmann / Jorg Michael firstname-database; China column
783,Baohe,baohe,Bao+He,?,-8,Matthias Winkelmann / Jorg Michael firstname-database; China column
784,Baoji,baoji,Bao+Ji,?,-8,Matthias Winkelmann / Jorg Michael firstname-database; China column
785,Baoju,baoju,Bao+Ju,?,-8,Matthias Winkelmann / Jorg Michael firstname-database; China column
786,Baolu,baolu,Bao+Lu,?,-8,Matthias Winkelmann / Jorg Michael firstname-database; China column
787,Baoqi,baoqi,Bao+Qi,?,-8,Matthias Winkelmann / Jorg Michael firstname-database; China column
788,Baoru,baoru,Bao+Ru,?,-8,Matthias Winkelmann / Jorg Michael firstname-database; China column
789,Beiyi,beiyi,Bei+Yi,?,-8,Matthias Winkelmann / Jorg Michael firstname-database; China column
790,Benfu,benfu,Ben+Fu,?,-8,Matthias Winkelmann / Jorg Michael firstname-database; China column
791,Benye,benye,Ben+Ye,?,-8,Matthias Winkelmann / Jorg Michael firstname-database; China column
792,Bihui,bihui,Bi+Hui,?,-8,Matthias Winkelmann / Jorg Michael firstname-database; China column
793,Bijun,bijun,Bi+Jun,?,-8,Matthias Winkelmann / Jorg Michael firstname-database; China column
794,Bilan,bilan,Bi+Lan,?,-8,Matthias Winkelmann / Jorg Michael firstname-database; China column
795,Biqin,biqin,Bi+Qin,?,-8,Matthias Winkelmann / Jorg Michael firstname-database; China column
796,Bitao,bitao,Bi+Tao,?,-8,Matthias Winkelmann / Jorg Michael firstname-database; China column
797,Biwei,biwei,Bi+Wei,?,-8,Matthias Winkelmann / Jorg Michael firstname-database; China column
798,Bixia,bixia,Bi+Xia,?,-8,Matthias Winkelmann / Jorg Michael firstname-database; China column
799,Biyun,biyun,Bi+Yun,?,-8,Matthias Winkelmann / Jorg Michael firstname-database; China column
800,Bizhu,bizhu,Bi+Zhu,?,-8,Matthias Winkelmann / Jorg Michael firstname-database; China column
801,Bohan,bohan,Bo+Han,?,-8,Matthias Winkelmann / Jorg Michael firstname-database; China column
802,Bohua,bohua,Bo+Hua,?,-8,Matthias Winkelmann / Jorg Michael firstname-database; China column
803,Bojun,bojun,Bo+Jun,?,-8,Matthias Winkelmann / Jorg Michael firstname-database; China column
804,Bolan,bolan,Bo+Lan,?,-8,Matthias Winkelmann / Jorg Michael firstname-database; China column
805,Bolin,bolin,Bo+Lin,?,-8,Matthias Winkelmann / Jorg Michael firstname-database; China column
806,Boshu,boshu,Bo+Shu,?,-8,Matthias Winkelmann / Jorg Michael firstname-database; China column
807,Botao,botao,Bo+Tao,?,-8,Matthias Winkelmann / Jorg Michael firstname-database; China column
808,Bowei,bowei,Bo+Wei,?,-8,Matthias Winkelmann / Jorg Michael firstname-database; China column
809,Bowen,bowen,Bo+Wen,?,-8,Matthias Winkelmann / Jorg Michael firstname-database; China column
810,Boyan,boyan,Bo+Yan,?,-8,Matthias Winkelmann / Jorg Michael firstname-database; China column
811,Caifu,caifu,Cai+Fu,?,-8,Matthias Winkelmann / Jorg Michael firstname-database; China column
812,Caili,caili,Cai+Li,?,-8,Matthias Winkelmann / Jorg Michael firstname-database; China column
813,Ching,ching,Ching,?,-8,Matthias Winkelmann / Jorg Michael firstname-database; China column
814,Chiyu,chiyu,Chi+Yu,?,-8,Matthias Winkelmann / Jorg Michael firstname-database; China column
815,Chune,chune,Chun+E,?,-8,Matthias Winkelmann / Jorg Michael firstname-database; China column
816,Conan,conan,Co+Nan,?,-8,Matthias Winkelmann / Jorg Michael firstname-database; China column
817,Cuidi,cuidi,Cui+Di,?,-8,Matthias Winkelmann / Jorg Michael firstname-database; China column
818,Cuiyu,cuiyu,Cui+Yu,?,-8,Matthias Winkelmann / Jorg Michael firstname-database; China column
819,Cunxi,cunxi,Cun+Xi,?,-8,Matthias Winkelmann / Jorg Michael firstname-database; China column
820,Dabao,dabao,Da+Bao,?,-8,Matthias Winkelmann / Jorg Michael firstname-database; China column
821,Dabin,dabin,Da+Bin,?,-8,Matthias Winkelmann / Jorg Michael firstname-database; China column
822,Dacai,dacai,Da+Cai,?,-8,Matthias Winkelmann / Jorg Michael firstname-database; China column
823,Dahua,dahua,Da+Hua,?,-8,Matthias Winkelmann / Jorg Michael firstname-database; China column
824,Dajie,dajie,Da+Jie,?,-8,Matthias Winkelmann / Jorg Michael firstname-database; China column
825,Dajin,dajin,Da+Jin,?,-8,Matthias Winkelmann / Jorg Michael firstname-database; China column
826,Dakai,dakai,Da+Kai,?,-8,Matthias Winkelmann / Jorg Michael firstname-database; China column
827,Dalai,dalai,Da+Lai,?,-8,Matthias Winkelmann / Jorg Michael firstname-database; China column
828,Dalei,dalei,Da+Lei,?,-8,Matthias Winkelmann / Jorg Michael firstname-database; China column
829,Dalin,dalin,Da+Lin,?,-8,Matthias Winkelmann / Jorg Michael firstname-database; China column
830,Dalun,dalun,Da+Lun,?,-8,Matthias Winkelmann / Jorg Michael firstname-database; China column
831,Damin,damin,Da+Min,?,-8,Matthias Winkelmann / Jorg Michael firstname-database; China column
832,Danan,danan,Da+Nan,?,-8,Matthias Winkelmann / Jorg Michael firstname-database; China column
833,Danli,danli,Dan+Li,?,-8,Matthias Winkelmann / Jorg Michael firstname-database; China column
834,Danna,danna,Dan+Na,?,-8,Matthias Winkelmann / Jorg Michael firstname-database; China column
835,Danya,danya,Dan+Ya,?,-8,Matthias Winkelmann / Jorg Michael firstname-database; China column
836,Danyu,danyu,Dan+Yu,?,-8,Matthias Winkelmann / Jorg Michael firstname-database; China column
837,Daoji,daoji,Dao+Ji,?,-8,Matthias Winkelmann / Jorg Michael firstname-database; China column
838,Daoyi,daoyi,Dao+Yi,?,-8,Matthias Winkelmann / Jorg Michael firstname-database; China column
839,Dapei,dapei,Da+Pei,?,-8,Matthias Winkelmann / Jorg Michael firstname-database; China column
840,Daqin,daqin,Da+Qin,?,-8,Matthias Winkelmann / Jorg Michael firstname-database; China column
841,Daqun,daqun,Da+Qun,?,-8,Matthias Winkelmann / Jorg Michael firstname-database; China column
842,Daren,daren,Da+Ren,?,-8,Matthias Winkelmann / Jorg Michael firstname-database; China column
843,Daxin,daxin,Da+Xin,?,-8,Matthias Winkelmann / Jorg Michael firstname-database; China column
844,Dayan,dayan,Da+Yan,?,-8,Matthias Winkelmann / Jorg Michael firstname-database; China column
845,Dayun,dayun,Da+Yun,?,-8,Matthias Winkelmann / Jorg Michael firstname-database; China column
846,Debao,debao,De+Bao,?,-8,Matthias Winkelmann / Jorg Michael firstname-database; China column
847,Debin,debin,De+Bin,?,-8,Matthias Winkelmann / Jorg Michael firstname-database; China column
848,Defen,defen,De+Fen,?,-8,Matthias Winkelmann / Jorg Michael firstname-database; China column
849,Degao,degao,De+Gao,?,-8,Matthias Winkelmann / Jorg Michael firstname-database; China column
850,Degui,degui,De+Gui,?,-8,Matthias Winkelmann / Jorg Michael firstname-database; China column
851,Dehai,dehai,De+Hai,?,-8,Matthias Winkelmann / Jorg Michael firstname-database; China column
852,Dehan,dehan,De+Han,?,-8,Matthias Winkelmann / Jorg Michael firstname-database; China column
853,Dejin,dejin,De+Jin,?,-8,Matthias Winkelmann / Jorg Michael firstname-database; China column
854,Dekun,dekun,De+Kun,?,-8,Matthias Winkelmann / Jorg Michael firstname-database; China column
855,Demao,demao,De+Mao,?,-8,Matthias Winkelmann / Jorg Michael firstname-database; China column
856,Demei,demei,De+Mei,?,-8,Matthias Winkelmann / Jorg Michael firstname-database; China column
857,Deqin,deqin,De+Qin,?,-8,Matthias Winkelmann / Jorg Michael firstname-database; China column
858,Dequn,dequn,De+Qun,?,-8,Matthias Winkelmann / Jorg Michael firstname-database; China column
859,Deren,deren,De+Ren,?,-8,Matthias Winkelmann / Jorg Michael firstname-database; China column
860,Deshi,deshi,De+Shi,?,-8,Matthias Winkelmann / Jorg Michael firstname-database; China column
861,Dewei,dewei,De+Wei,?,-8,Matthias Winkelmann / Jorg Michael firstname-database; China column
862,Dewen,dewen,De+Wen,?,-8,Matthias Winkelmann / Jorg Michael firstname-database; China column
863,Dezhi,dezhi,De+Zhi,?,-8,Matthias Winkelmann / Jorg Michael firstname-database; China column
864,Dezhu,dezhu,De+Zhu,?,-8,Matthias Winkelmann / Jorg Michael firstname-database; China column
865,Dihua,dihua,Di+Hua,?,-8,Matthias Winkelmann / Jorg Michael firstname-database; China column
866,Dimin,dimin,Di+Min,?,-8,Matthias Winkelmann / Jorg Michael firstname-database; China column
867,Dunlu,dunlu,Dun+Lu,?,-8,Matthias Winkelmann / Jorg Michael firstname-database; China column
868,Enhua,enhua,En+Hua,?,-8,Matthias Winkelmann / Jorg Michael firstname-database; China column
869,Enmin,enmin,En+Min,?,-8,Matthias Winkelmann / Jorg Michael firstname-database; China column
870,Enzhu,enzhu,En+Zhu,?,-8,Matthias Winkelmann / Jorg Michael firstname-database; China column
871,Erjun,erjun,Er+Jun,?,-8,Matthias Winkelmann / Jorg Michael firstname-database; China column
872,Ermei,ermei,Er+Mei,?,-8,Matthias Winkelmann / Jorg Michael firstname-database; China column
873,Erwei,erwei,Er+Wei,?,-8,Matthias Winkelmann / Jorg Michael firstname-database; China column
874,Fagen,fagen,Fa+Gen,?,-8,Matthias Winkelmann / Jorg Michael firstname-database; China column
875,Fahui,fahui,Fa+Hui,?,-8,Matthias Winkelmann / Jorg Michael firstname-database; China column
876,Fajun,fajun,Fa+Jun,?,-8,Matthias Winkelmann / Jorg Michael firstname-database; China column
877,Falin,falin,Fa+Lin,?,-8,Matthias Winkelmann / Jorg Michael firstname-database; China column
878,Famin,famin,Fa+Min,?,-8,Matthias Winkelmann / Jorg Michael firstname-database; China column
879,Fawen,fawen,Fa+Wen,?,-8,Matthias Winkelmann / Jorg Michael firstname-database; China column
880,Fayan,fayan,Fa+Yan,?,-8,Matthias Winkelmann / Jorg Michael firstname-database; China column
881,Fayin,fayin,Fa+Yin,?,-8,Matthias Winkelmann / Jorg Michael firstname-database; China column
882,Feiya,feiya,Fei+Ya,?,-8,Matthias Winkelmann / Jorg Michael firstname-database; China column
883,Feiyi,feiyi,Fei+Yi,?,-8,Matthias Winkelmann / Jorg Michael firstname-database; China column
884,Fenyu,fenyu,Fen+Yu,?,-8,Matthias Winkelmann / Jorg Michael firstname-database; China column
885,Fubin,fubin,Fu+Bin,?,-8,Matthias Winkelmann / Jorg Michael firstname-database; China column
886,Fucai,fucai,Fu+Cai,?,-8,Matthias Winkelmann / Jorg Michael firstname-database; China column
887,Fugen,fugen,Fu+Gen,?,-8,Matthias Winkelmann / Jorg Michael firstname-database; China column
888,Fugui,fugui,Fu+Gui,?,-8,Matthias Winkelmann / Jorg Michael firstname-database; China column
889,Fuguo,fuguo,Fu+Guo,?,-8,Matthias Winkelmann / Jorg Michael firstname-database; China column
890,Fuhai,fuhai,Fu+Hai,?,-8,Matthias Winkelmann / Jorg Michael firstname-database; China column
891,Fujie,fujie,Fu+Jie,?,-8,Matthias Winkelmann / Jorg Michael firstname-database; China column
892,Fukun,fukun,Fu+Kun,?,-8,Matthias Winkelmann / Jorg Michael firstname-database; China column
893,Fulin,fulin,Fu+Lin,?,-8,Matthias Winkelmann / Jorg Michael firstname-database; China column
894,Funan,funan,Fu+Nan,?,-8,Matthias Winkelmann / Jorg Michael firstname-database; China column
895,Fusen,fusen,Fu+Sen,?,-8,Matthias Winkelmann / Jorg Michael firstname-database; China column
896,Futao,futao,Fu+Tao,?,-8,Matthias Winkelmann / Jorg Michael firstname-database; China column
897,Fuxin,fuxin,Fu+Xin,?,-8,Matthias Winkelmann / Jorg Michael firstname-database; China column
898,Fuyan,fuyan,Fu+Yan,?,-8,Matthias Winkelmann / Jorg Michael firstname-database; China column
899,Fuyou,fuyou,Fu+You,?,-8,Matthias Winkelmann / Jorg Michael firstname-database; China column
900,Fuyun,fuyun,Fu+Yun,?,-8,Matthias Winkelmann / Jorg Michael firstname-database; China column
901,Gefei,gefei,Ge+Fei,?,-8,Matthias Winkelmann / Jorg Michael firstname-database; China column
902,Gehua,gehua,Ge+Hua,?,-8,Matthias Winkelmann / Jorg Michael firstname-database; China column
903,Gelin,gelin,Ge+Lin,?,-8,Matthias Winkelmann / Jorg Michael firstname-database; China column
904,Genfu,genfu,Gen+Fu,?,-8,Matthias Winkelmann / Jorg Michael firstname-database; China column
905,Genxi,genxi,Gen+Xi,?,-8,Matthias Winkelmann / Jorg Michael firstname-database; China column
906,Genyi,genyi,Gen+Yi,?,-8,Matthias Winkelmann / Jorg Michael firstname-database; China column
907,Gexin,gexin,Ge+Xin,?,-8,Matthias Winkelmann / Jorg Michael firstname-database; China column
908,Guifu,guifu,Gui+Fu,?,-8,Matthias Winkelmann / Jorg Michael firstname-database; China column
909,Guihe,guihe,Gui+He,?,-8,Matthias Winkelmann / Jorg Michael firstname-database; China column
910,Guiru,guiru,Gui+Ru,?,-8,Matthias Winkelmann / Jorg Michael firstname-database; China column
911,Guiyu,guiyu,Gui+Yu,?,-8,Matthias Winkelmann / Jorg Michael firstname-database; China column
912,Guofa,guofa,Guo+Fa,?,-8,Matthias Winkelmann / Jorg Michael firstname-database; China column
913,Guohe,guohe,Guo+He,?,-8,Matthias Winkelmann / Jorg Michael firstname-database; China column
914,Guohu,guohu,Guo+Hu,?,-8,Matthias Winkelmann / Jorg Michael firstname-database; China column
915,Guoji,guoji,Guo+Ji,?,-8,Matthias Winkelmann / Jorg Michael firstname-database; China column
916,Guoyi,guoyi,Guo+Yi,?,-8,Matthias Winkelmann / Jorg Michael firstname-database; China column
917,Guoyu,guoyu,Guo+Yu,?,-8,Matthias Winkelmann / Jorg Michael firstname-database; China column
918,Haian,haian,Hai+An,?,-8,Matthias Winkelmann / Jorg Michael firstname-database; China column
919,Haige,haige,Hai+Ge,?,-8,Matthias Winkelmann / Jorg Michael firstname-database; China column
920,Haile,haile,Hai+Le,?,-8,Matthias Winkelmann / Jorg Michael firstname-database; China column
921,Hailu,hailu,Hai+Lu,?,-8,Matthias Winkelmann / Jorg Michael firstname-database; China column
922,Haiou,haiou,Hai+Ou,?,-8,Matthias Winkelmann / Jorg Michael firstname-database; China column
923,Hairu,hairu,Hai+Ru,?,-8,Matthias Winkelmann / Jorg Michael firstname-database; China column
924,Haiyi,haiyi,Hai+Yi,?,-8,Matthias Winkelmann / Jorg Michael firstname-database; China column
925,Haiyu,haiyu,Hai+Yu,?,-8,Matthias Winkelmann / Jorg Michael firstname-database; China column
926,Halin,halin,Ha+Lin,?,-8,Matthias Winkelmann / Jorg Michael firstname-database; China column
927,Hanbo,hanbo,Han+Bo,?,-8,Matthias Winkelmann / Jorg Michael firstname-database; China column
928,Hanfu,hanfu,Han+Fu,?,-8,Matthias Winkelmann / Jorg Michael firstname-database; China column
929,Hanyu,hanyu,Han+Yu,?,-8,Matthias Winkelmann / Jorg Michael firstname-database; China column
930,Haoyu,haoyu,Hao+Yu,?,-8,Matthias Winkelmann / Jorg Michael firstname-database; China column
931,Hebin,hebin,He+Bin,?,-8,Matthias Winkelmann / Jorg Michael firstname-database; China column
932,Hejun,hejun,He+Jun,?,-8,Matthias Winkelmann / Jorg Michael firstname-database; China column
933,Helin,helin,He+Lin,?,-8,Matthias Winkelmann / Jorg Michael firstname-database; China column
934,Hemin,hemin,He+Min,?,-8,Matthias Winkelmann / Jorg Michael firstname-database; China column
935,Henan,henan,He+Nan,?,-8,Matthias Winkelmann / Jorg Michael firstname-database; China column
936,Heyun,heyun,He+Yun,?,-8,Matthias Winkelmann / Jorg Michael firstname-database; China column
937,Holan,holan,Ho+Lan,?,-8,Matthias Winkelmann / Jorg Michael firstname-database; China column
938,Houyu,houyu,Hou+Yu,?,-8,Matthias Winkelmann / Jorg Michael firstname-database; China column
939,Hsuan,hsuan,Hsuan,?,-8,Matthias Winkelmann / Jorg Michael firstname-database; China column
940,Huali,huali,Hua+Li,?,-8,Matthias Winkelmann / Jorg Michael firstname-database; China column
941,Huaxi,huaxi,Hua+Xi,?,-8,Matthias Winkelmann / Jorg Michael firstname-database; China column
942,Huayi,huayi,Hua+Yi,?,-8,Matthias Winkelmann / Jorg Michael firstname-database; China column
943,Huici,huici,Hui+Ci,?,-8,Matthias Winkelmann / Jorg Michael firstname-database; China column
944,Huige,huige,Hui+Ge,?,-8,Matthias Winkelmann / Jorg Michael firstname-database; China column
945,Huihe,huihe,Hui+He,?,-8,Matthias Winkelmann / Jorg Michael firstname-database; China column
946,Huiju,huiju,Hui+Ju,?,-8,Matthias Winkelmann / Jorg Michael firstname-database; China column
947,Huina,huina,Hui+Na,?,-8,Matthias Winkelmann / Jorg Michael firstname-database; China column
948,Huiqi,huiqi,Hui+Qi,?,-8,Matthias Winkelmann / Jorg Michael firstname-database; China column
949,Huiru,huiru,Hui+Ru,?,-8,Matthias Winkelmann / Jorg Michael firstname-database; China column
950,Huiwu,huiwu,Hui+Wu,?,-8,Matthias Winkelmann / Jorg Michael firstname-database; China column
951,Huiyi,huiyi,Hui+Yi,?,-8,Matthias Winkelmann / Jorg Michael firstname-database; China column
952,Iping,iping,I+Ping,?,-8,Matthias Winkelmann / Jorg Michael firstname-database; China column
953,Jiaan,jiaan,Jia+An,?,-8,Matthias Winkelmann / Jorg Michael firstname-database; China column
954,Jiaao,jiaao,Jia+Ao,?,-8,Matthias Winkelmann / Jorg Michael firstname-database; China column
955,Jiabi,jiabi,Jia+Bi,?,-8,Matthias Winkelmann / Jorg Michael firstname-database; China column
956,Jiabo,jiabo,Jia+Bo,?,-8,Matthias Winkelmann / Jorg Michael firstname-database; China column
957,Jiade,jiade,Jia+De,?,-8,Matthias Winkelmann / Jorg Michael firstname-database; China column
958,Jiaen,jiaen,Jia+En,?,-8,Matthias Winkelmann / Jorg Michael firstname-database; China column
959,Jiafa,jiafa,Jia+Fa,?,-8,Matthias Winkelmann / Jorg Michael firstname-database; China column
960,Jiahu,jiahu,Jia+Hu,?,-8,Matthias Winkelmann / Jorg Michael firstname-database; China column
961,Jiaji,jiaji,Jia+Ji,?,-8,Matthias Winkelmann / Jorg Michael firstname-database; China column
962,Jialu,jialu,Jia+Lu,?,-8,Matthias Winkelmann / Jorg Michael firstname-database; China column
963,Jiaqi,jiaqi,Jia+Qi,?,-8,Matthias Winkelmann / Jorg Michael firstname-database; China column
964,Jiaru,jiaru,Jia+Ru,?,-8,Matthias Winkelmann / Jorg Michael firstname-database; China column
965,Jiaxi,jiaxi,Jia+Xi,?,-8,Matthias Winkelmann / Jorg Michael firstname-database; China column
966,Jiaxu,jiaxu,Jia+Xu,?,-8,Matthias Winkelmann / Jorg Michael firstname-database; China column
967,Jiayu,jiayu,Jia+Yu,?,-8,Matthias Winkelmann / Jorg Michael firstname-database; China column
968,Jibin,jibin,Ji+Bin,?,-8,Matthias Winkelmann / Jorg Michael firstname-database; China column
969,Jicun,jicun,Ji+Cun,?,-8,Matthias Winkelmann / Jorg Michael firstname-database; China column
970,Jieke,jieke,Jie+Ke,?,-8,Matthias Winkelmann / Jorg Michael firstname-database; China column
971,Jifen,jifen,Ji+Fen,?,-8,Matthias Winkelmann / Jorg Michael firstname-database; China column
972,Jiguo,jiguo,Ji+Guo,?,-8,Matthias Winkelmann / Jorg Michael firstname-database; China column
973,Jihui,jihui,Ji+Hui,?,-8,Matthias Winkelmann / Jorg Michael firstname-database; China column
974,Jikai,jikai,Ji+Kai,?,-8,Matthias Winkelmann / Jorg Michael firstname-database; China column
975,Jikui,jikui,Ji+Kui,?,-8,Matthias Winkelmann / Jorg Michael firstname-database; China column
976,Jikun,jikun,Ji+Kun,?,-8,Matthias Winkelmann / Jorg Michael firstname-database; China column
977,Jiliu,jiliu,Ji+Liu,?,-8,Matthias Winkelmann / Jorg Michael firstname-database; China column
978,Jimei,jimei,Ji+Mei,?,-8,Matthias Winkelmann / Jorg Michael firstname-database; China column
979,Jinan,jinan,Jin+An,?,-8,Matthias Winkelmann / Jorg Michael firstname-database; China column
980,Jindi,jindi,Jin+Di,?,-8,Matthias Winkelmann / Jorg Michael firstname-database; China column
981,Jinfa,jinfa,Jin+Fa,?,-8,Matthias Winkelmann / Jorg Michael firstname-database; China column
982,Jinju,jinju,Jin+Ju,?,-8,Matthias Winkelmann / Jorg Michael firstname-database; China column
983,Jinke,jinke,Jin+Ke,?,-8,Matthias Winkelmann / Jorg Michael firstname-database; China column
984,Jinli,jinli,Jin+Li,?,-8,Matthias Winkelmann / Jorg Michael firstname-database; China column
985,Jinlu,jinlu,Jin+Lu,?,-8,Matthias Winkelmann / Jorg Michael firstname-database; China column
986,Jinqi,jinqi,Jin+Qi,?,-8,Matthias Winkelmann / Jorg Michael firstname-database; China column
987,Jinru,jinru,Jin+Ru,?,-8,Matthias Winkelmann / Jorg Michael firstname-database; China column
988,Jinwu,jinwu,Jin+Wu,?,-8,Matthias Winkelmann / Jorg Michael firstname-database; China column
989,Jinxi,jinxi,Jin+Xi,?,-8,Matthias Winkelmann / Jorg Michael firstname-database; China column
990,Jinye,jinye,Jin+Ye,?,-8,Matthias Winkelmann / Jorg Michael firstname-database; China column
991,Jinze,jinze,Jin+Ze,?,-8,Matthias Winkelmann / Jorg Michael firstname-database; China column
992,Jiqun,jiqun,Ji+Qun,?,-8,Matthias Winkelmann / Jorg Michael firstname-database; China column
993,Jiren,jiren,Ji+Ren,?,-8,Matthias Winkelmann / Jorg Michael firstname-database; China column
994,Jisen,jisen,Ji+Sen,?,-8,Matthias Winkelmann / Jorg Michael firstname-database; China column
995,Jishu,jishu,Ji+Shu,?,-8,Matthias Winkelmann / Jorg Michael firstname-database; China column
996,Jiuli,jiuli,Jiu+Li,?,-8,Matthias Winkelmann / Jorg Michael firstname-database; China column
997,Jiuyu,jiuyu,Jiu+Yu,?,-8,Matthias Winkelmann / Jorg Michael firstname-database; China column
998,Jiwei,jiwei,Ji+Wei,?,-8,Matthias Winkelmann / Jorg Michael firstname-database; China column
999,Jixia,jixia,Ji+Xia,?,-8,Matthias Winkelmann / Jorg Michael firstname-database; China column
1000,Jiyan,jiyan,Ji+Yan,?,-8,Matthias Winkelmann / Jorg Michael firstname-database; China column
