rank,name,lowercase,ssa_us_count,source
1880,Esaw,esaw,383,"U.S. SSA national baby-name data, 1880-2024 local mirror"
1883,Utah,utah,382,"U.S. SSA national baby-name data, 1880-2024 local mirror"
1885,Alik,alik,381,"U.S. SSA national baby-name data, 1880-2024 local mirror"
1886,Jahn,jahn,380,"U.S. SSA national baby-name data, 1880-2024 local mirror"
1887,Klee,klee,380,"U.S. SSA national baby-name data, 1880-2024 local mirror"
1889,Rody,rody,379,"U.S. SSA national baby-name data, 1880-2024 local mirror"
1890,Tiki,tiki,379,"U.S. SSA national baby-name data, 1880-2024 local mirror"
1896,Yuli,yuli,375,"U.S. SSA national baby-name data, 1880-2024 local mirror"
1897,Boby,boby,374,"U.S. SSA national baby-name data, 1880-2024 local mirror"
1898,Deng,deng,374,"U.S. SSA national baby-name data, 1880-2024 local mirror"
1899,Oley,oley,374,"U.S. SSA national baby-name data, 1880-2024 local mirror"
1900,Arek,arek,373,"U.S. SSA national baby-name data, 1880-2024 local mirror"
1901,Evva,evva,373,"U.S. SSA national baby-name data, 1880-2024 local mirror"
1902,Foye,foye,373,"U.S. SSA national baby-name data, 1880-2024 local mirror"
1907,Suni,suni,371,"U.S. SSA national baby-name data, 1880-2024 local mirror"
1909,Maui,maui,370,"U.S. SSA national baby-name data, 1880-2024 local mirror"
1910,Kima,kima,369,"U.S. SSA national baby-name data, 1880-2024 local mirror"
1911,Boni,boni,368,"U.S. SSA national baby-name data, 1880-2024 local mirror"
1912,Galo,galo,368,"U.S. SSA national baby-name data, 1880-2024 local mirror"
1914,Odes,odes,367,"U.S. SSA national baby-name data, 1880-2024 local mirror"
1918,Nhan,nhan,366,"U.S. SSA national baby-name data, 1880-2024 local mirror"
1919,Winn,winn,366,"U.S. SSA national baby-name data, 1880-2024 local mirror"
1920,Airi,airi,364,"U.S. SSA national baby-name data, 1880-2024 local mirror"
1921,Osha,osha,364,"U.S. SSA national baby-name data, 1880-2024 local mirror"
1923,Nema,nema,363,"U.S. SSA national baby-name data, 1880-2024 local mirror"
1925,Asja,asja,362,"U.S. SSA national baby-name data, 1880-2024 local mirror"
1927,Yuta,yuta,362,"U.S. SSA national baby-name data, 1880-2024 local mirror"
1929,Gram,gram,360,"U.S. SSA national baby-name data, 1880-2024 local mirror"
1933,Lyah,lyah,358,"U.S. SSA national baby-name data, 1880-2024 local mirror"
1934,Kaeo,kaeo,357,"U.S. SSA national baby-name data, 1880-2024 local mirror"
1935,Shya,shya,357,"U.S. SSA national baby-name data, 1880-2024 local mirror"
1936,Bing,bing,356,"U.S. SSA national baby-name data, 1880-2024 local mirror"
1937,Daly,daly,356,"U.S. SSA national baby-name data, 1880-2024 local mirror"
1938,Elah,elah,356,"U.S. SSA national baby-name data, 1880-2024 local mirror"
1939,Jomo,jomo,355,"U.S. SSA national baby-name data, 1880-2024 local mirror"
1940,Audi,audi,354,"U.S. SSA national baby-name data, 1880-2024 local mirror"
1941,Khya,khya,354,"U.S. SSA national baby-name data, 1880-2024 local mirror"
1942,Teng,teng,354,"U.S. SSA national baby-name data, 1880-2024 local mirror"
1943,Brya,brya,353,"U.S. SSA national baby-name data, 1880-2024 local mirror"
1944,Onix,onix,353,"U.S. SSA national baby-name data, 1880-2024 local mirror"
1945,Para,para,353,"U.S. SSA national baby-name data, 1880-2024 local mirror"
1948,Jeny,jeny,351,"U.S. SSA national baby-name data, 1880-2024 local mirror"
1949,Alam,alam,348,"U.S. SSA national baby-name data, 1880-2024 local mirror"
1950,Eero,eero,348,"U.S. SSA national baby-name data, 1880-2024 local mirror"
1951,Emet,emet,348,"U.S. SSA national baby-name data, 1880-2024 local mirror"
1952,Jaki,jaki,348,"U.S. SSA national baby-name data, 1880-2024 local mirror"
1953,Pina,pina,348,"U.S. SSA national baby-name data, 1880-2024 local mirror"
1954,Rahn,rahn,348,"U.S. SSA national baby-name data, 1880-2024 local mirror"
1955,Tika,tika,348,"U.S. SSA national baby-name data, 1880-2024 local mirror"
1956,Iyan,iyan,347,"U.S. SSA national baby-name data, 1880-2024 local mirror"
1960,Luby,luby,343,"U.S. SSA national baby-name data, 1880-2024 local mirror"
1961,Aysa,aysa,342,"U.S. SSA national baby-name data, 1880-2024 local mirror"
1962,Dmya,dmya,342,"U.S. SSA national baby-name data, 1880-2024 local mirror"
1963,Kiet,kiet,342,"U.S. SSA national baby-name data, 1880-2024 local mirror"
1964,Xela,xela,342,"U.S. SSA national baby-name data, 1880-2024 local mirror"
1965,Reyn,reyn,341,"U.S. SSA national baby-name data, 1880-2024 local mirror"
1966,Ritu,ritu,341,"U.S. SSA national baby-name data, 1880-2024 local mirror"
1968,Cola,cola,340,"U.S. SSA national baby-name data, 1880-2024 local mirror"
1969,Eymi,eymi,340,"U.S. SSA national baby-name data, 1880-2024 local mirror"
1970,Geni,geni,340,"U.S. SSA national baby-name data, 1880-2024 local mirror"
1971,Keni,keni,340,"U.S. SSA national baby-name data, 1880-2024 local mirror"
1972,Lehi,lehi,340,"U.S. SSA national baby-name data, 1880-2024 local mirror"
1973,Mare,mare,340,"U.S. SSA national baby-name data, 1880-2024 local mirror"
1974,Gara,gara,339,"U.S. SSA national baby-name data, 1880-2024 local mirror"
1975,Leor,leor,339,"U.S. SSA national baby-name data, 1880-2024 local mirror"
1976,Myca,myca,339,"U.S. SSA national baby-name data, 1880-2024 local mirror"
1977,Dody,dody,338,"U.S. SSA national baby-name data, 1880-2024 local mirror"
1978,Rane,rane,338,"U.S. SSA national baby-name data, 1880-2024 local mirror"
1979,Yang,yang,338,"U.S. SSA national baby-name data, 1880-2024 local mirror"
1983,Ajee,ajee,336,"U.S. SSA national baby-name data, 1880-2024 local mirror"
1985,Ebin,ebin,336,"U.S. SSA national baby-name data, 1880-2024 local mirror"
1986,Vang,vang,336,"U.S. SSA national baby-name data, 1880-2024 local mirror"
1987,Banx,banx,335,"U.S. SSA national baby-name data, 1880-2024 local mirror"
1988,Marx,marx,335,"U.S. SSA national baby-name data, 1880-2024 local mirror"
1990,Chue,chue,334,"U.S. SSA national baby-name data, 1880-2024 local mirror"
1991,Vedh,vedh,334,"U.S. SSA national baby-name data, 1880-2024 local mirror"
1992,Tige,tige,333,"U.S. SSA national baby-name data, 1880-2024 local mirror"
1993,Cyla,cyla,332,"U.S. SSA national baby-name data, 1880-2024 local mirror"
1994,Loys,loys,332,"U.S. SSA national baby-name data, 1880-2024 local mirror"
1995,Huel,huel,331,"U.S. SSA national baby-name data, 1880-2024 local mirror"
1998,Cane,cane,329,"U.S. SSA national baby-name data, 1880-2024 local mirror"
1999,Leng,leng,329,"U.S. SSA national baby-name data, 1880-2024 local mirror"
2000,Adir,adir,328,"U.S. SSA national baby-name data, 1880-2024 local mirror"
2001,Ayme,ayme,328,"U.S. SSA national baby-name data, 1880-2024 local mirror"
2002,Beda,beda,328,"U.S. SSA national baby-name data, 1880-2024 local mirror"
2003,Dicy,dicy,328,"U.S. SSA national baby-name data, 1880-2024 local mirror"
2004,Sway,sway,328,"U.S. SSA national baby-name data, 1880-2024 local mirror"
2006,Soni,soni,326,"U.S. SSA national baby-name data, 1880-2024 local mirror"
2007,Sony,sony,326,"U.S. SSA national baby-name data, 1880-2024 local mirror"
2008,Aivy,aivy,325,"U.S. SSA national baby-name data, 1880-2024 local mirror"
2009,Poet,poet,325,"U.S. SSA national baby-name data, 1880-2024 local mirror"
2010,Tavi,tavi,325,"U.S. SSA national baby-name data, 1880-2024 local mirror"
2011,Bain,bain,324,"U.S. SSA national baby-name data, 1880-2024 local mirror"
2012,Isys,isys,324,"U.S. SSA national baby-name data, 1880-2024 local mirror"
2013,Paco,paco,324,"U.S. SSA national baby-name data, 1880-2024 local mirror"
2015,Tene,tene,324,"U.S. SSA national baby-name data, 1880-2024 local mirror"
2018,Seng,seng,323,"U.S. SSA national baby-name data, 1880-2024 local mirror"
2019,Rhya,rhya,322,"U.S. SSA national baby-name data, 1880-2024 local mirror"
2020,Ruta,ruta,322,"U.S. SSA national baby-name data, 1880-2024 local mirror"
2023,Chao,chao,320,"U.S. SSA national baby-name data, 1880-2024 local mirror"
2024,Harm,harm,320,"U.S. SSA national baby-name data, 1880-2024 local mirror"
2025,Noya,noya,320,"U.S. SSA national baby-name data, 1880-2024 local mirror"
2026,Eyla,eyla,319,"U.S. SSA national baby-name data, 1880-2024 local mirror"
2027,Saki,saki,319,"U.S. SSA national baby-name data, 1880-2024 local mirror"
2028,Wood,wood,319,"U.S. SSA national baby-name data, 1880-2024 local mirror"
2029,Dong,dong,318,"U.S. SSA national baby-name data, 1880-2024 local mirror"
2031,Tyee,tyee,318,"U.S. SSA national baby-name data, 1880-2024 local mirror"
2032,Amyr,amyr,317,"U.S. SSA national baby-name data, 1880-2024 local mirror"
2033,Arvo,arvo,317,"U.S. SSA national baby-name data, 1880-2024 local mirror"
2034,Grae,grae,317,"U.S. SSA national baby-name data, 1880-2024 local mirror"
2035,Keil,keil,317,"U.S. SSA national baby-name data, 1880-2024 local mirror"
2036,Dang,dang,316,"U.S. SSA national baby-name data, 1880-2024 local mirror"
2037,Vash,vash,316,"U.S. SSA national baby-name data, 1880-2024 local mirror"
2038,Vonn,vonn,315,"U.S. SSA national baby-name data, 1880-2024 local mirror"
2039,Nike,nike,314,"U.S. SSA national baby-name data, 1880-2024 local mirror"
2040,Hava,hava,313,"U.S. SSA national baby-name data, 1880-2024 local mirror"
2041,Aune,aune,312,"U.S. SSA national baby-name data, 1880-2024 local mirror"
2042,Effa,effa,312,"U.S. SSA national baby-name data, 1880-2024 local mirror"
2044,Gola,gola,311,"U.S. SSA national baby-name data, 1880-2024 local mirror"
2045,Sims,sims,311,"U.S. SSA national baby-name data, 1880-2024 local mirror"
2046,Reka,reka,309,"U.S. SSA national baby-name data, 1880-2024 local mirror"
2047,Tong,tong,309,"U.S. SSA national baby-name data, 1880-2024 local mirror"
2048,Yida,yida,309,"U.S. SSA national baby-name data, 1880-2024 local mirror"
2051,Read,read,308,"U.S. SSA national baby-name data, 1880-2024 local mirror"
2052,Etan,etan,307,"U.S. SSA national baby-name data, 1880-2024 local mirror"
2053,Derl,derl,306,"U.S. SSA national baby-name data, 1880-2024 local mirror"
2054,Dodd,dodd,306,"U.S. SSA national baby-name data, 1880-2024 local mirror"
2055,Fong,fong,306,"U.S. SSA national baby-name data, 1880-2024 local mirror"
2056,Jung,jung,306,"U.S. SSA national baby-name data, 1880-2024 local mirror"
2057,Mako,mako,306,"U.S. SSA national baby-name data, 1880-2024 local mirror"
2059,Odyn,odyn,305,"U.S. SSA national baby-name data, 1880-2024 local mirror"
2060,Okie,okie,305,"U.S. SSA national baby-name data, 1880-2024 local mirror"
2061,Esco,esco,304,"U.S. SSA national baby-name data, 1880-2024 local mirror"
2062,Leza,leza,304,"U.S. SSA national baby-name data, 1880-2024 local mirror"
2063,Novi,novi,304,"U.S. SSA national baby-name data, 1880-2024 local mirror"
2065,Behr,behr,303,"U.S. SSA national baby-name data, 1880-2024 local mirror"
2066,Audy,audy,302,"U.S. SSA national baby-name data, 1880-2024 local mirror"
2067,Jden,jden,302,"U.S. SSA national baby-name data, 1880-2024 local mirror"
2068,Json,json,302,"U.S. SSA national baby-name data, 1880-2024 local mirror"
2070,Tawn,tawn,302,"U.S. SSA national baby-name data, 1880-2024 local mirror"
2071,Alvy,alvy,301,"U.S. SSA national baby-name data, 1880-2024 local mirror"
2072,Iroh,iroh,301,"U.S. SSA national baby-name data, 1880-2024 local mirror"
2073,Jedi,jedi,301,"U.S. SSA national baby-name data, 1880-2024 local mirror"
2074,Myna,myna,301,"U.S. SSA national baby-name data, 1880-2024 local mirror"
2075,Edla,edla,300,"U.S. SSA national baby-name data, 1880-2024 local mirror"
2076,Mava,mava,300,"U.S. SSA national baby-name data, 1880-2024 local mirror"
2077,Witt,witt,300,"U.S. SSA national baby-name data, 1880-2024 local mirror"
2078,Zuzu,zuzu,300,"U.S. SSA national baby-name data, 1880-2024 local mirror"
2079,Ayde,ayde,299,"U.S. SSA national baby-name data, 1880-2024 local mirror"
2080,Bary,bary,299,"U.S. SSA national baby-name data, 1880-2024 local mirror"
2081,Dray,dray,299,"U.S. SSA national baby-name data, 1880-2024 local mirror"
2082,Hyde,hyde,299,"U.S. SSA national baby-name data, 1880-2024 local mirror"
2084,Ople,ople,298,"U.S. SSA national baby-name data, 1880-2024 local mirror"
2085,Klye,klye,297,"U.S. SSA national baby-name data, 1880-2024 local mirror"
2086,Treg,treg,297,"U.S. SSA national baby-name data, 1880-2024 local mirror"
2088,Yena,yena,296,"U.S. SSA national baby-name data, 1880-2024 local mirror"
2089,Nain,nain,294,"U.S. SSA national baby-name data, 1880-2024 local mirror"
2090,Adri,adri,292,"U.S. SSA national baby-name data, 1880-2024 local mirror"
2094,Yeva,yeva,292,"U.S. SSA national baby-name data, 1880-2024 local mirror"
2095,Abhi,abhi,291,"U.S. SSA national baby-name data, 1880-2024 local mirror"
2096,Aliz,aliz,291,"U.S. SSA national baby-name data, 1880-2024 local mirror"
2097,Adib,adib,290,"U.S. SSA national baby-name data, 1880-2024 local mirror"
2098,Tamu,tamu,290,"U.S. SSA national baby-name data, 1880-2024 local mirror"
2099,Tyan,tyan,290,"U.S. SSA national baby-name data, 1880-2024 local mirror"
2100,Yago,yago,290,"U.S. SSA national baby-name data, 1880-2024 local mirror"
2101,Iley,iley,289,"U.S. SSA national baby-name data, 1880-2024 local mirror"
2102,Kyel,kyel,289,"U.S. SSA national baby-name data, 1880-2024 local mirror"
2103,Loel,loel,289,"U.S. SSA national baby-name data, 1880-2024 local mirror"
2104,Dvid,dvid,288,"U.S. SSA national baby-name data, 1880-2024 local mirror"
2105,Oria,oria,288,"U.S. SSA national baby-name data, 1880-2024 local mirror"
2106,Rice,rice,287,"U.S. SSA national baby-name data, 1880-2024 local mirror"
2107,Adit,adit,286,"U.S. SSA national baby-name data, 1880-2024 local mirror"
2108,Ivet,ivet,286,"U.S. SSA national baby-name data, 1880-2024 local mirror"
2109,Luxe,luxe,286,"U.S. SSA national baby-name data, 1880-2024 local mirror"
2110,Wirt,wirt,286,"U.S. SSA national baby-name data, 1880-2024 local mirror"
2111,Babs,babs,285,"U.S. SSA national baby-name data, 1880-2024 local mirror"
2112,Phuc,phuc,285,"U.S. SSA national baby-name data, 1880-2024 local mirror"
2113,Dvon,dvon,284,"U.S. SSA national baby-name data, 1880-2024 local mirror"
2114,Tuck,tuck,284,"U.S. SSA national baby-name data, 1880-2024 local mirror"
2115,Chia,chia,283,"U.S. SSA national baby-name data, 1880-2024 local mirror"
2116,Jeno,jeno,283,"U.S. SSA national baby-name data, 1880-2024 local mirror"
2117,Febe,febe,282,"U.S. SSA national baby-name data, 1880-2024 local mirror"
2118,Koni,koni,282,"U.S. SSA national baby-name data, 1880-2024 local mirror"
2119,Leul,leul,282,"U.S. SSA national baby-name data, 1880-2024 local mirror"
2120,Neya,neya,282,"U.S. SSA national baby-name data, 1880-2024 local mirror"
2121,Song,song,282,"U.S. SSA national baby-name data, 1880-2024 local mirror"
2122,Zeek,zeek,282,"U.S. SSA national baby-name data, 1880-2024 local mirror"
2123,Fina,fina,281,"U.S. SSA national baby-name data, 1880-2024 local mirror"
2124,Less,less,281,"U.S. SSA national baby-name data, 1880-2024 local mirror"
2125,Orah,orah,281,"U.S. SSA national baby-name data, 1880-2024 local mirror"
2126,Shey,shey,281,"U.S. SSA national baby-name data, 1880-2024 local mirror"
2127,Xuri,xuri,281,"U.S. SSA national baby-name data, 1880-2024 local mirror"
2128,Disa,disa,280,"U.S. SSA national baby-name data, 1880-2024 local mirror"
2129,Duel,duel,280,"U.S. SSA national baby-name data, 1880-2024 local mirror"
2130,Meko,meko,280,"U.S. SSA national baby-name data, 1880-2024 local mirror"
2131,Hemi,hemi,279,"U.S. SSA national baby-name data, 1880-2024 local mirror"
2132,Isel,isel,279,"U.S. SSA national baby-name data, 1880-2024 local mirror"
2134,Lief,lief,279,"U.S. SSA national baby-name data, 1880-2024 local mirror"
2135,Foxx,foxx,278,"U.S. SSA national baby-name data, 1880-2024 local mirror"
2136,Marz,marz,278,"U.S. SSA national baby-name data, 1880-2024 local mirror"
2137,Arha,arha,277,"U.S. SSA national baby-name data, 1880-2024 local mirror"
2139,Lene,lene,277,"U.S. SSA national baby-name data, 1880-2024 local mirror"
2140,Opel,opel,277,"U.S. SSA national baby-name data, 1880-2024 local mirror"
2141,Luda,luda,276,"U.S. SSA national baby-name data, 1880-2024 local mirror"
2142,Trai,trai,276,"U.S. SSA national baby-name data, 1880-2024 local mirror"
2143,Yvon,yvon,276,"U.S. SSA national baby-name data, 1880-2024 local mirror"
2144,Sala,sala,275,"U.S. SSA national baby-name data, 1880-2024 local mirror"
2146,Vahe,vahe,275,"U.S. SSA national baby-name data, 1880-2024 local mirror"
2147,Caro,caro,274,"U.S. SSA national baby-name data, 1880-2024 local mirror"
2148,Dala,dala,274,"U.S. SSA national baby-name data, 1880-2024 local mirror"
2149,Jlyn,jlyn,274,"U.S. SSA national baby-name data, 1880-2024 local mirror"
2150,Birt,birt,273,"U.S. SSA national baby-name data, 1880-2024 local mirror"
2151,Blen,blen,273,"U.S. SSA national baby-name data, 1880-2024 local mirror"
2153,Kayo,kayo,273,"U.S. SSA national baby-name data, 1880-2024 local mirror"
2154,Brok,brok,272,"U.S. SSA national baby-name data, 1880-2024 local mirror"
2155,Pate,pate,272,"U.S. SSA national baby-name data, 1880-2024 local mirror"
2157,Bond,bond,271,"U.S. SSA national baby-name data, 1880-2024 local mirror"
2159,Ebon,ebon,269,"U.S. SSA national baby-name data, 1880-2024 local mirror"
2160,Imer,imer,269,"U.S. SSA national baby-name data, 1880-2024 local mirror"
2161,Aimy,aimy,268,"U.S. SSA national baby-name data, 1880-2024 local mirror"
2162,Asai,asai,268,"U.S. SSA national baby-name data, 1880-2024 local mirror"
2164,Jony,jony,268,"U.S. SSA national baby-name data, 1880-2024 local mirror"
2165,Onis,onis,268,"U.S. SSA national baby-name data, 1880-2024 local mirror"
2166,Doil,doil,267,"U.S. SSA national baby-name data, 1880-2024 local mirror"
2167,Juri,juri,267,"U.S. SSA national baby-name data, 1880-2024 local mirror"
2168,Sael,sael,267,"U.S. SSA national baby-name data, 1880-2024 local mirror"
2169,Xuan,xuan,267,"U.S. SSA national baby-name data, 1880-2024 local mirror"
2170,Adis,adis,266,"U.S. SSA national baby-name data, 1880-2024 local mirror"
2171,Chon,chon,266,"U.S. SSA national baby-name data, 1880-2024 local mirror"
2172,Zeva,zeva,266,"U.S. SSA national baby-name data, 1880-2024 local mirror"
2173,Safi,safi,265,"U.S. SSA national baby-name data, 1880-2024 local mirror"
2174,Aika,aika,264,"U.S. SSA national baby-name data, 1880-2024 local mirror"
2175,Arti,arti,264,"U.S. SSA national baby-name data, 1880-2024 local mirror"
2177,Ndia,ndia,264,"U.S. SSA national baby-name data, 1880-2024 local mirror"
2178,Deby,deby,263,"U.S. SSA national baby-name data, 1880-2024 local mirror"
2179,Gabi,gabi,263,"U.S. SSA national baby-name data, 1880-2024 local mirror"
2180,Joas,joas,263,"U.S. SSA national baby-name data, 1880-2024 local mirror"
2181,Kino,kino,263,"U.S. SSA national baby-name data, 1880-2024 local mirror"
2182,Sirr,sirr,263,"U.S. SSA national baby-name data, 1880-2024 local mirror"
2183,Timo,timo,263,"U.S. SSA national baby-name data, 1880-2024 local mirror"
2184,Tiye,tiye,263,"U.S. SSA national baby-name data, 1880-2024 local mirror"
2185,Kayn,kayn,262,"U.S. SSA national baby-name data, 1880-2024 local mirror"
2186,Yuji,yuji,262,"U.S. SSA national baby-name data, 1880-2024 local mirror"
2187,Ario,ario,261,"U.S. SSA national baby-name data, 1880-2024 local mirror"
2188,Elby,elby,261,"U.S. SSA national baby-name data, 1880-2024 local mirror"
2189,Tove,tove,261,"U.S. SSA national baby-name data, 1880-2024 local mirror"
2190,Geza,geza,260,"U.S. SSA national baby-name data, 1880-2024 local mirror"
2191,Houa,houa,260,"U.S. SSA national baby-name data, 1880-2024 local mirror"
2192,Kiko,kiko,260,"U.S. SSA national baby-name data, 1880-2024 local mirror"
2193,Rein,rein,260,"U.S. SSA national baby-name data, 1880-2024 local mirror"
2194,Seif,seif,259,"U.S. SSA national baby-name data, 1880-2024 local mirror"
2195,Adom,adom,258,"U.S. SSA national baby-name data, 1880-2024 local mirror"
2196,Bawi,bawi,258,"U.S. SSA national baby-name data, 1880-2024 local mirror"
2198,Reia,reia,258,"U.S. SSA national baby-name data, 1880-2024 local mirror"
2199,Zuko,zuko,258,"U.S. SSA national baby-name data, 1880-2024 local mirror"
2200,Miro,miro,257,"U.S. SSA national baby-name data, 1880-2024 local mirror"
2201,Numa,numa,257,"U.S. SSA national baby-name data, 1880-2024 local mirror"
2202,Alfa,alfa,256,"U.S. SSA national baby-name data, 1880-2024 local mirror"
2203,Mavi,mavi,256,"U.S. SSA national baby-name data, 1880-2024 local mirror"
2205,Ulis,ulis,256,"U.S. SSA national baby-name data, 1880-2024 local mirror"
2206,Chen,chen,255,"U.S. SSA national baby-name data, 1880-2024 local mirror"
2208,Sola,sola,255,"U.S. SSA national baby-name data, 1880-2024 local mirror"
2209,Zeda,zeda,255,"U.S. SSA national baby-name data, 1880-2024 local mirror"
2210,Biff,biff,254,"U.S. SSA national baby-name data, 1880-2024 local mirror"
2212,Okla,okla,254,"U.S. SSA national baby-name data, 1880-2024 local mirror"
2213,Olar,olar,254,"U.S. SSA national baby-name data, 1880-2024 local mirror"
2214,Omir,omir,254,"U.S. SSA national baby-name data, 1880-2024 local mirror"
2215,Zaul,zaul,254,"U.S. SSA national baby-name data, 1880-2024 local mirror"
2216,Epic,epic,253,"U.S. SSA national baby-name data, 1880-2024 local mirror"
2217,Myan,myan,253,"U.S. SSA national baby-name data, 1880-2024 local mirror"
2218,Zani,zani,253,"U.S. SSA national baby-name data, 1880-2024 local mirror"
2219,Beya,beya,252,"U.S. SSA national baby-name data, 1880-2024 local mirror"
2220,Ikia,ikia,252,"U.S. SSA national baby-name data, 1880-2024 local mirror"
2221,Kely,kely,252,"U.S. SSA national baby-name data, 1880-2024 local mirror"
2222,Atzi,atzi,251,"U.S. SSA national baby-name data, 1880-2024 local mirror"
2223,Eyob,eyob,251,"U.S. SSA national baby-name data, 1880-2024 local mirror"
2224,Malu,malu,251,"U.S. SSA national baby-name data, 1880-2024 local mirror"
2225,Roch,roch,251,"U.S. SSA national baby-name data, 1880-2024 local mirror"
2227,Berk,berk,250,"U.S. SSA national baby-name data, 1880-2024 local mirror"
2228,Dyke,dyke,250,"U.S. SSA national baby-name data, 1880-2024 local mirror"
2229,Kyce,kyce,250,"U.S. SSA national baby-name data, 1880-2024 local mirror"
2230,Mase,mase,250,"U.S. SSA national baby-name data, 1880-2024 local mirror"
2231,Erez,erez,249,"U.S. SSA national baby-name data, 1880-2024 local mirror"
2232,Nili,nili,249,"U.S. SSA national baby-name data, 1880-2024 local mirror"
2234,Kova,kova,248,"U.S. SSA national baby-name data, 1880-2024 local mirror"
2235,Lavi,lavi,248,"U.S. SSA national baby-name data, 1880-2024 local mirror"
2236,Mega,mega,248,"U.S. SSA national baby-name data, 1880-2024 local mirror"
2237,Creg,creg,247,"U.S. SSA national baby-name data, 1880-2024 local mirror"
2239,Fady,fady,247,"U.S. SSA national baby-name data, 1880-2024 local mirror"
2240,Hunt,hunt,247,"U.S. SSA national baby-name data, 1880-2024 local mirror"
2241,Ilea,ilea,247,"U.S. SSA national baby-name data, 1880-2024 local mirror"
2242,Ilka,ilka,247,"U.S. SSA national baby-name data, 1880-2024 local mirror"
2243,Isao,isao,246,"U.S. SSA national baby-name data, 1880-2024 local mirror"
2244,Ryot,ryot,246,"U.S. SSA national baby-name data, 1880-2024 local mirror"
2245,Avea,avea,245,"U.S. SSA national baby-name data, 1880-2024 local mirror"
2247,Dura,dura,245,"U.S. SSA national baby-name data, 1880-2024 local mirror"
2248,Dyna,dyna,245,"U.S. SSA national baby-name data, 1880-2024 local mirror"
2249,Nhia,nhia,245,"U.S. SSA national baby-name data, 1880-2024 local mirror"
2250,Burk,burk,244,"U.S. SSA national baby-name data, 1880-2024 local mirror"
2252,Twan,twan,244,"U.S. SSA national baby-name data, 1880-2024 local mirror"
2253,Zala,zala,244,"U.S. SSA national baby-name data, 1880-2024 local mirror"
2254,Inas,inas,243,"U.S. SSA national baby-name data, 1880-2024 local mirror"
2255,Koal,koal,243,"U.S. SSA national baby-name data, 1880-2024 local mirror"
2256,Truc,truc,243,"U.S. SSA national baby-name data, 1880-2024 local mirror"
2257,Elai,elai,242,"U.S. SSA national baby-name data, 1880-2024 local mirror"
2258,Heru,heru,242,"U.S. SSA national baby-name data, 1880-2024 local mirror"
2259,Jabe,jabe,242,"U.S. SSA national baby-name data, 1880-2024 local mirror"
2260,Mazy,mazy,242,"U.S. SSA national baby-name data, 1880-2024 local mirror"
2261,Baer,baer,241,"U.S. SSA national baby-name data, 1880-2024 local mirror"
2262,Sira,sira,241,"U.S. SSA national baby-name data, 1880-2024 local mirror"
2264,Bali,bali,240,"U.S. SSA national baby-name data, 1880-2024 local mirror"
2265,Uday,uday,240,"U.S. SSA national baby-name data, 1880-2024 local mirror"
2266,Abri,abri,239,"U.S. SSA national baby-name data, 1880-2024 local mirror"
2267,Aeon,aeon,239,"U.S. SSA national baby-name data, 1880-2024 local mirror"
2268,Auda,auda,239,"U.S. SSA national baby-name data, 1880-2024 local mirror"
2269,Desa,desa,239,"U.S. SSA national baby-name data, 1880-2024 local mirror"
2270,Flem,flem,239,"U.S. SSA national baby-name data, 1880-2024 local mirror"
2271,Soma,soma,239,"U.S. SSA national baby-name data, 1880-2024 local mirror"
2272,Tria,tria,239,"U.S. SSA national baby-name data, 1880-2024 local mirror"
2273,Ande,ande,238,"U.S. SSA national baby-name data, 1880-2024 local mirror"
2274,Azya,azya,238,"U.S. SSA national baby-name data, 1880-2024 local mirror"
2275,Enda,enda,238,"U.S. SSA national baby-name data, 1880-2024 local mirror"
2276,Wake,wake,238,"U.S. SSA national baby-name data, 1880-2024 local mirror"
2277,Amol,amol,237,"U.S. SSA national baby-name data, 1880-2024 local mirror"
2278,Dorn,dorn,237,"U.S. SSA national baby-name data, 1880-2024 local mirror"
2279,Oaks,oaks,237,"U.S. SSA national baby-name data, 1880-2024 local mirror"
2280,Oanh,oanh,237,"U.S. SSA national baby-name data, 1880-2024 local mirror"
2281,Anie,anie,236,"U.S. SSA national baby-name data, 1880-2024 local mirror"
2282,Pema,pema,236,"U.S. SSA national baby-name data, 1880-2024 local mirror"
2283,Teka,teka,236,"U.S. SSA national baby-name data, 1880-2024 local mirror"
2284,Tita,tita,236,"U.S. SSA national baby-name data, 1880-2024 local mirror"
2286,Inza,inza,235,"U.S. SSA national baby-name data, 1880-2024 local mirror"
2287,Cuca,cuca,234,"U.S. SSA national baby-name data, 1880-2024 local mirror"
2288,Kayl,kayl,234,"U.S. SSA national baby-name data, 1880-2024 local mirror"
2289,Kell,kell,234,"U.S. SSA national baby-name data, 1880-2024 local mirror"
2290,Ader,ader,233,"U.S. SSA national baby-name data, 1880-2024 local mirror"
2291,Elad,elad,233,"U.S. SSA national baby-name data, 1880-2024 local mirror"
2293,Jwan,jwan,233,"U.S. SSA national baby-name data, 1880-2024 local mirror"
2294,Ludy,ludy,233,"U.S. SSA national baby-name data, 1880-2024 local mirror"
2295,Miyu,miyu,233,"U.S. SSA national baby-name data, 1880-2024 local mirror"
2296,Osei,osei,233,"U.S. SSA national baby-name data, 1880-2024 local mirror"
2297,Avid,avid,232,"U.S. SSA national baby-name data, 1880-2024 local mirror"
2298,Bran,bran,232,"U.S. SSA national baby-name data, 1880-2024 local mirror"
2299,Loie,loie,232,"U.S. SSA national baby-name data, 1880-2024 local mirror"
2300,Sady,sady,232,"U.S. SSA national baby-name data, 1880-2024 local mirror"
2302,Tyia,tyia,232,"U.S. SSA national baby-name data, 1880-2024 local mirror"
2303,Alem,alem,231,"U.S. SSA national baby-name data, 1880-2024 local mirror"
2304,Alic,alic,231,"U.S. SSA national baby-name data, 1880-2024 local mirror"
2305,Kmya,kmya,231,"U.S. SSA national baby-name data, 1880-2024 local mirror"
2307,Noga,noga,231,"U.S. SSA national baby-name data, 1880-2024 local mirror"
2308,Riad,riad,231,"U.S. SSA national baby-name data, 1880-2024 local mirror"
2309,Arby,arby,230,"U.S. SSA national baby-name data, 1880-2024 local mirror"
2310,Bird,bird,230,"U.S. SSA national baby-name data, 1880-2024 local mirror"
2311,Ilai,ilai,230,"U.S. SSA national baby-name data, 1880-2024 local mirror"
2312,Nare,nare,230,"U.S. SSA national baby-name data, 1880-2024 local mirror"
2313,Irva,irva,229,"U.S. SSA national baby-name data, 1880-2024 local mirror"
2314,Jasa,jasa,229,"U.S. SSA national baby-name data, 1880-2024 local mirror"
2315,Jiah,jiah,229,"U.S. SSA national baby-name data, 1880-2024 local mirror"
2316,Kert,kert,229,"U.S. SSA national baby-name data, 1880-2024 local mirror"
2317,Miia,miia,229,"U.S. SSA national baby-name data, 1880-2024 local mirror"
2318,Rhet,rhet,229,"U.S. SSA national baby-name data, 1880-2024 local mirror"
2319,Elek,elek,228,"U.S. SSA national baby-name data, 1880-2024 local mirror"
2320,Keny,keny,228,"U.S. SSA national baby-name data, 1880-2024 local mirror"
2321,Rahi,rahi,228,"U.S. SSA national baby-name data, 1880-2024 local mirror"
2322,Xyon,xyon,228,"U.S. SSA national baby-name data, 1880-2024 local mirror"
2323,Aara,aara,227,"U.S. SSA national baby-name data, 1880-2024 local mirror"
2324,Espn,espn,227,"U.S. SSA national baby-name data, 1880-2024 local mirror"
2325,Peng,peng,227,"U.S. SSA national baby-name data, 1880-2024 local mirror"
2326,Jady,jady,226,"U.S. SSA national baby-name data, 1880-2024 local mirror"
2327,Olia,olia,226,"U.S. SSA national baby-name data, 1880-2024 local mirror"
2328,Jmya,jmya,225,"U.S. SSA national baby-name data, 1880-2024 local mirror"
2329,Mads,mads,225,"U.S. SSA national baby-name data, 1880-2024 local mirror"
2330,Neco,neco,225,"U.S. SSA national baby-name data, 1880-2024 local mirror"
2331,Deke,deke,224,"U.S. SSA national baby-name data, 1880-2024 local mirror"
2332,Jasn,jasn,224,"U.S. SSA national baby-name data, 1880-2024 local mirror"
2333,Jeet,jeet,224,"U.S. SSA national baby-name data, 1880-2024 local mirror"
2334,Nica,nica,224,"U.S. SSA national baby-name data, 1880-2024 local mirror"
2335,Pike,pike,224,"U.S. SSA national baby-name data, 1880-2024 local mirror"
2336,Taje,taje,224,"U.S. SSA national baby-name data, 1880-2024 local mirror"
2337,Vici,vici,224,"U.S. SSA national baby-name data, 1880-2024 local mirror"
2338,Virl,virl,223,"U.S. SSA national baby-name data, 1880-2024 local mirror"
2339,Anav,anav,222,"U.S. SSA national baby-name data, 1880-2024 local mirror"
2340,Faun,faun,222,"U.S. SSA national baby-name data, 1880-2024 local mirror"
2341,Ioma,ioma,222,"U.S. SSA national baby-name data, 1880-2024 local mirror"
2342,Kano,kano,222,"U.S. SSA national baby-name data, 1880-2024 local mirror"
2343,Mang,mang,222,"U.S. SSA national baby-name data, 1880-2024 local mirror"
2344,Hiya,hiya,221,"U.S. SSA national baby-name data, 1880-2024 local mirror"
2345,Jozi,jozi,221,"U.S. SSA national baby-name data, 1880-2024 local mirror"
2346,Kesi,kesi,221,"U.S. SSA national baby-name data, 1880-2024 local mirror"
2347,Seve,seve,221,"U.S. SSA national baby-name data, 1880-2024 local mirror"
2348,Tung,tung,221,"U.S. SSA national baby-name data, 1880-2024 local mirror"
2349,Yogi,yogi,221,"U.S. SSA national baby-name data, 1880-2024 local mirror"
2350,Amai,amai,220,"U.S. SSA national baby-name data, 1880-2024 local mirror"
2351,Roth,roth,220,"U.S. SSA national baby-name data, 1880-2024 local mirror"
2352,Sulo,sulo,220,"U.S. SSA national baby-name data, 1880-2024 local mirror"
2353,Ngan,ngan,219,"U.S. SSA national baby-name data, 1880-2024 local mirror"
2354,Abed,abed,218,"U.S. SSA national baby-name data, 1880-2024 local mirror"
2357,Beni,beni,217,"U.S. SSA national baby-name data, 1880-2024 local mirror"
2358,Czar,czar,217,"U.S. SSA national baby-name data, 1880-2024 local mirror"
2359,Prim,prim,217,"U.S. SSA national baby-name data, 1880-2024 local mirror"
2360,Adja,adja,216,"U.S. SSA national baby-name data, 1880-2024 local mirror"
2361,Danh,danh,216,"U.S. SSA national baby-name data, 1880-2024 local mirror"
2362,Luma,luma,216,"U.S. SSA national baby-name data, 1880-2024 local mirror"
2363,Rino,rino,216,"U.S. SSA national baby-name data, 1880-2024 local mirror"
2364,Seon,seon,216,"U.S. SSA national baby-name data, 1880-2024 local mirror"
2365,Xylo,xylo,216,"U.S. SSA national baby-name data, 1880-2024 local mirror"
2366,Ante,ante,215,"U.S. SSA national baby-name data, 1880-2024 local mirror"
2367,Hady,hady,215,"U.S. SSA national baby-name data, 1880-2024 local mirror"
2368,Ling,ling,215,"U.S. SSA national baby-name data, 1880-2024 local mirror"
2369,Kden,kden,214,"U.S. SSA national baby-name data, 1880-2024 local mirror"
2370,Saia,saia,214,"U.S. SSA national baby-name data, 1880-2024 local mirror"
2371,Sava,sava,214,"U.S. SSA national baby-name data, 1880-2024 local mirror"
2372,Cohl,cohl,213,"U.S. SSA national baby-name data, 1880-2024 local mirror"
2373,Dore,dore,213,"U.S. SSA national baby-name data, 1880-2024 local mirror"
2374,Kurk,kurk,213,"U.S. SSA national baby-name data, 1880-2024 local mirror"
2375,Sema,sema,213,"U.S. SSA national baby-name data, 1880-2024 local mirror"
2376,Ynez,ynez,213,"U.S. SSA national baby-name data, 1880-2024 local mirror"
2377,Alok,alok,212,"U.S. SSA national baby-name data, 1880-2024 local mirror"
2378,Atul,atul,212,"U.S. SSA national baby-name data, 1880-2024 local mirror"
2379,Bard,bard,212,"U.S. SSA national baby-name data, 1880-2024 local mirror"
2380,Savi,savi,212,"U.S. SSA national baby-name data, 1880-2024 local mirror"
2381,Shar,shar,212,"U.S. SSA national baby-name data, 1880-2024 local mirror"
2382,Tyke,tyke,212,"U.S. SSA national baby-name data, 1880-2024 local mirror"
2383,Dyon,dyon,211,"U.S. SSA national baby-name data, 1880-2024 local mirror"
2384,Edon,edon,211,"U.S. SSA national baby-name data, 1880-2024 local mirror"
2385,Iara,iara,211,"U.S. SSA national baby-name data, 1880-2024 local mirror"
2386,Susa,susa,211,"U.S. SSA national baby-name data, 1880-2024 local mirror"
2387,Zaim,zaim,211,"U.S. SSA national baby-name data, 1880-2024 local mirror"
2388,Akul,akul,210,"U.S. SSA national baby-name data, 1880-2024 local mirror"
2389,Doyl,doyl,210,"U.S. SSA national baby-name data, 1880-2024 local mirror"
2390,Shep,shep,210,"U.S. SSA national baby-name data, 1880-2024 local mirror"
2391,Vere,vere,210,"U.S. SSA national baby-name data, 1880-2024 local mirror"
2392,Hind,hind,209,"U.S. SSA national baby-name data, 1880-2024 local mirror"
2393,Iyah,iyah,209,"U.S. SSA national baby-name data, 1880-2024 local mirror"
2394,Jhan,jhan,209,"U.S. SSA national baby-name data, 1880-2024 local mirror"
2395,Maly,maly,209,"U.S. SSA national baby-name data, 1880-2024 local mirror"
2396,Casy,casy,208,"U.S. SSA national baby-name data, 1880-2024 local mirror"
2397,Haja,haja,208,"U.S. SSA national baby-name data, 1880-2024 local mirror"
2398,Saed,saed,208,"U.S. SSA national baby-name data, 1880-2024 local mirror"
2399,Truu,truu,208,"U.S. SSA national baby-name data, 1880-2024 local mirror"
2400,Acsa,acsa,207,"U.S. SSA national baby-name data, 1880-2024 local mirror"
2401,Avya,avya,207,"U.S. SSA national baby-name data, 1880-2024 local mirror"
2402,Esti,esti,207,"U.S. SSA national baby-name data, 1880-2024 local mirror"
2403,Lyne,lyne,207,"U.S. SSA national baby-name data, 1880-2024 local mirror"
2404,Yury,yury,207,"U.S. SSA national baby-name data, 1880-2024 local mirror"
2405,Elky,elky,206,"U.S. SSA national baby-name data, 1880-2024 local mirror"
2406,Oryn,oryn,206,"U.S. SSA national baby-name data, 1880-2024 local mirror"
2407,Sumi,sumi,206,"U.S. SSA national baby-name data, 1880-2024 local mirror"
2408,Miel,miel,205,"U.S. SSA national baby-name data, 1880-2024 local mirror"
2409,Roye,roye,205,"U.S. SSA national baby-name data, 1880-2024 local mirror"
2410,Vala,vala,205,"U.S. SSA national baby-name data, 1880-2024 local mirror"
2411,Veto,veto,205,"U.S. SSA national baby-name data, 1880-2024 local mirror"
2412,Aily,aily,204,"U.S. SSA national baby-name data, 1880-2024 local mirror"
2413,Dali,dali,204,"U.S. SSA national baby-name data, 1880-2024 local mirror"
2414,Mayu,mayu,204,"U.S. SSA national baby-name data, 1880-2024 local mirror"
2415,Vayu,vayu,204,"U.S. SSA national baby-name data, 1880-2024 local mirror"
2416,Anup,anup,203,"U.S. SSA national baby-name data, 1880-2024 local mirror"
2417,Gift,gift,203,"U.S. SSA national baby-name data, 1880-2024 local mirror"
2418,Jinx,jinx,203,"U.S. SSA national baby-name data, 1880-2024 local mirror"
2419,Jnae,jnae,203,"U.S. SSA national baby-name data, 1880-2024 local mirror"
2421,Aimi,aimi,202,"U.S. SSA national baby-name data, 1880-2024 local mirror"
2422,Gyan,gyan,202,"U.S. SSA national baby-name data, 1880-2024 local mirror"
2423,Nyja,nyja,202,"U.S. SSA national baby-name data, 1880-2024 local mirror"
2424,Swan,swan,202,"U.S. SSA national baby-name data, 1880-2024 local mirror"
2425,Wave,wave,202,"U.S. SSA national baby-name data, 1880-2024 local mirror"
2426,Leba,leba,201,"U.S. SSA national baby-name data, 1880-2024 local mirror"
2427,Owin,owin,201,"U.S. SSA national baby-name data, 1880-2024 local mirror"
2428,Afua,afua,200,"U.S. SSA national baby-name data, 1880-2024 local mirror"
2429,Carr,carr,200,"U.S. SSA national baby-name data, 1880-2024 local mirror"
2430,Yony,yony,200,"U.S. SSA national baby-name data, 1880-2024 local mirror"
2431,Azam,azam,199,"U.S. SSA national baby-name data, 1880-2024 local mirror"
2432,Bana,bana,199,"U.S. SSA national baby-name data, 1880-2024 local mirror"
2433,Clif,clif,199,"U.S. SSA national baby-name data, 1880-2024 local mirror"
2434,Irys,irys,199,"U.S. SSA national baby-name data, 1880-2024 local mirror"
2435,Linc,linc,199,"U.S. SSA national baby-name data, 1880-2024 local mirror"
2436,Sota,sota,199,"U.S. SSA national baby-name data, 1880-2024 local mirror"
2437,Urie,urie,199,"U.S. SSA national baby-name data, 1880-2024 local mirror"
2438,Wyat,wyat,199,"U.S. SSA national baby-name data, 1880-2024 local mirror"
2439,Afra,afra,198,"U.S. SSA national baby-name data, 1880-2024 local mirror"
2440,Amro,amro,198,"U.S. SSA national baby-name data, 1880-2024 local mirror"
2442,Areg,areg,198,"U.S. SSA national baby-name data, 1880-2024 local mirror"
2444,Ariv,ariv,198,"U.S. SSA national baby-name data, 1880-2024 local mirror"
2445,Edis,edis,198,"U.S. SSA national baby-name data, 1880-2024 local mirror"
2446,Eria,eria,198,"U.S. SSA national baby-name data, 1880-2024 local mirror"
2447,Cabe,cabe,197,"U.S. SSA national baby-name data, 1880-2024 local mirror"
2448,Etai,etai,197,"U.S. SSA national baby-name data, 1880-2024 local mirror"
2449,Maie,maie,197,"U.S. SSA national baby-name data, 1880-2024 local mirror"
2450,Tell,tell,197,"U.S. SSA national baby-name data, 1880-2024 local mirror"
2451,Yuan,yuan,197,"U.S. SSA national baby-name data, 1880-2024 local mirror"
2452,Lilu,lilu,196,"U.S. SSA national baby-name data, 1880-2024 local mirror"
2453,Raad,raad,196,"U.S. SSA national baby-name data, 1880-2024 local mirror"
2454,Riko,riko,196,"U.S. SSA national baby-name data, 1880-2024 local mirror"
2455,Eiko,eiko,195,"U.S. SSA national baby-name data, 1880-2024 local mirror"
2456,Evea,evea,195,"U.S. SSA national baby-name data, 1880-2024 local mirror"
2457,Izen,izen,195,"U.S. SSA national baby-name data, 1880-2024 local mirror"
2458,Jove,jove,195,"U.S. SSA national baby-name data, 1880-2024 local mirror"
2459,Nole,nole,195,"U.S. SSA national baby-name data, 1880-2024 local mirror"
2460,Wana,wana,195,"U.S. SSA national baby-name data, 1880-2024 local mirror"
2461,Anda,anda,194,"U.S. SSA national baby-name data, 1880-2024 local mirror"
2462,Arth,arth,194,"U.S. SSA national baby-name data, 1880-2024 local mirror"
2463,Kysa,kysa,194,"U.S. SSA national baby-name data, 1880-2024 local mirror"
2464,Nalu,nalu,194,"U.S. SSA national baby-name data, 1880-2024 local mirror"
2466,Trig,trig,194,"U.S. SSA national baby-name data, 1880-2024 local mirror"
2467,Bera,bera,193,"U.S. SSA national baby-name data, 1880-2024 local mirror"
2468,Aury,aury,192,"U.S. SSA national baby-name data, 1880-2024 local mirror"
2469,Caya,caya,192,"U.S. SSA national baby-name data, 1880-2024 local mirror"
2470,Ekin,ekin,192,"U.S. SSA national baby-name data, 1880-2024 local mirror"
2471,Kayd,kayd,192,"U.S. SSA national baby-name data, 1880-2024 local mirror"
2472,Bona,bona,191,"U.S. SSA national baby-name data, 1880-2024 local mirror"
2473,Deah,deah,191,"U.S. SSA national baby-name data, 1880-2024 local mirror"
2474,Imir,imir,191,"U.S. SSA national baby-name data, 1880-2024 local mirror"
2475,Tris,tris,191,"U.S. SSA national baby-name data, 1880-2024 local mirror"
2476,Ndea,ndea,190,"U.S. SSA national baby-name data, 1880-2024 local mirror"
2477,Nene,nene,190,"U.S. SSA national baby-name data, 1880-2024 local mirror"
2478,Shir,shir,190,"U.S. SSA national baby-name data, 1880-2024 local mirror"
2479,Caty,caty,189,"U.S. SSA national baby-name data, 1880-2024 local mirror"
2480,Enma,enma,189,"U.S. SSA national baby-name data, 1880-2024 local mirror"
2481,Otie,otie,189,"U.S. SSA national baby-name data, 1880-2024 local mirror"
2482,Saje,saje,189,"U.S. SSA national baby-name data, 1880-2024 local mirror"
2483,Ariz,ariz,188,"U.S. SSA national baby-name data, 1880-2024 local mirror"
2484,Birl,birl,188,"U.S. SSA national baby-name data, 1880-2024 local mirror"
2486,Holy,holy,188,"U.S. SSA national baby-name data, 1880-2024 local mirror"
2487,Rafa,rafa,188,"U.S. SSA national baby-name data, 1880-2024 local mirror"
2488,Seri,seri,188,"U.S. SSA national baby-name data, 1880-2024 local mirror"
2489,Wing,wing,188,"U.S. SSA national baby-name data, 1880-2024 local mirror"
2490,Adea,adea,187,"U.S. SSA national baby-name data, 1880-2024 local mirror"
2491,Cauy,cauy,187,"U.S. SSA national baby-name data, 1880-2024 local mirror"
2492,Didi,didi,187,"U.S. SSA national baby-name data, 1880-2024 local mirror"
2493,Ilay,ilay,187,"U.S. SSA national baby-name data, 1880-2024 local mirror"
2494,Ryer,ryer,187,"U.S. SSA national baby-name data, 1880-2024 local mirror"
2495,Seda,seda,187,"U.S. SSA national baby-name data, 1880-2024 local mirror"
2496,Wong,wong,187,"U.S. SSA national baby-name data, 1880-2024 local mirror"
2497,Anju,anju,186,"U.S. SSA national baby-name data, 1880-2024 local mirror"
2498,Duha,duha,186,"U.S. SSA national baby-name data, 1880-2024 local mirror"
2499,Odel,odel,186,"U.S. SSA national baby-name data, 1880-2024 local mirror"
2500,Doak,doak,185,"U.S. SSA national baby-name data, 1880-2024 local mirror"
2501,Elye,elye,185,"U.S. SSA national baby-name data, 1880-2024 local mirror"
2503,Gwin,gwin,185,"U.S. SSA national baby-name data, 1880-2024 local mirror"
2504,Ihan,ihan,185,"U.S. SSA national baby-name data, 1880-2024 local mirror"
2505,Keen,keen,185,"U.S. SSA national baby-name data, 1880-2024 local mirror"
2506,Kema,kema,185,"U.S. SSA national baby-name data, 1880-2024 local mirror"
2507,Tura,tura,185,"U.S. SSA national baby-name data, 1880-2024 local mirror"
2508,Vali,vali,185,"U.S. SSA national baby-name data, 1880-2024 local mirror"
2509,Amea,amea,184,"U.S. SSA national baby-name data, 1880-2024 local mirror"
2510,Nyko,nyko,184,"U.S. SSA national baby-name data, 1880-2024 local mirror"
2511,Nyna,nyna,184,"U.S. SSA national baby-name data, 1880-2024 local mirror"
2512,Onya,onya,184,"U.S. SSA national baby-name data, 1880-2024 local mirror"
2513,Zeya,zeya,184,"U.S. SSA national baby-name data, 1880-2024 local mirror"
2514,Icis,icis,183,"U.S. SSA national baby-name data, 1880-2024 local mirror"
2515,Araf,araf,182,"U.S. SSA national baby-name data, 1880-2024 local mirror"
2516,Aydn,aydn,182,"U.S. SSA national baby-name data, 1880-2024 local mirror"
2517,Camy,camy,182,"U.S. SSA national baby-name data, 1880-2024 local mirror"
2518,Jadi,jadi,182,"U.S. SSA national baby-name data, 1880-2024 local mirror"
2519,Pama,pama,182,"U.S. SSA national baby-name data, 1880-2024 local mirror"
2520,Enas,enas,181,"U.S. SSA national baby-name data, 1880-2024 local mirror"
2521,Imre,imre,181,"U.S. SSA national baby-name data, 1880-2024 local mirror"
2522,Maat,maat,181,"U.S. SSA national baby-name data, 1880-2024 local mirror"
2523,Ryun,ryun,181,"U.S. SSA national baby-name data, 1880-2024 local mirror"
2524,Tema,tema,181,"U.S. SSA national baby-name data, 1880-2024 local mirror"
2525,Tyde,tyde,181,"U.S. SSA national baby-name data, 1880-2024 local mirror"
2526,Zale,zale,181,"U.S. SSA national baby-name data, 1880-2024 local mirror"
2527,Mays,mays,180,"U.S. SSA national baby-name data, 1880-2024 local mirror"
2528,Xoie,xoie,180,"U.S. SSA national baby-name data, 1880-2024 local mirror"
2529,Edit,edit,178,"U.S. SSA national baby-name data, 1880-2024 local mirror"
2530,Iwao,iwao,178,"U.S. SSA national baby-name data, 1880-2024 local mirror"
2531,Jerl,jerl,178,"U.S. SSA national baby-name data, 1880-2024 local mirror"
2532,Jnya,jnya,178,"U.S. SSA national baby-name data, 1880-2024 local mirror"
2533,Meha,meha,178,"U.S. SSA national baby-name data, 1880-2024 local mirror"
2534,Rual,rual,178,"U.S. SSA national baby-name data, 1880-2024 local mirror"
2535,Azar,azar,177,"U.S. SSA national baby-name data, 1880-2024 local mirror"
2536,Eeva,eeva,177,"U.S. SSA national baby-name data, 1880-2024 local mirror"
2537,Izic,izic,177,"U.S. SSA national baby-name data, 1880-2024 local mirror"
2538,Syla,syla,177,"U.S. SSA national baby-name data, 1880-2024 local mirror"
2539,Vung,vung,177,"U.S. SSA national baby-name data, 1880-2024 local mirror"
2540,Alif,alif,176,"U.S. SSA national baby-name data, 1880-2024 local mirror"
2541,Dama,dama,176,"U.S. SSA national baby-name data, 1880-2024 local mirror"
2542,Kita,kita,176,"U.S. SSA national baby-name data, 1880-2024 local mirror"
2543,Koki,koki,176,"U.S. SSA national baby-name data, 1880-2024 local mirror"
2544,Meli,meli,176,"U.S. SSA national baby-name data, 1880-2024 local mirror"
2545,Tane,tane,176,"U.S. SSA national baby-name data, 1880-2024 local mirror"
2546,Xola,xola,176,"U.S. SSA national baby-name data, 1880-2024 local mirror"
2547,Aava,aava,175,"U.S. SSA national baby-name data, 1880-2024 local mirror"
2548,Bowe,bowe,175,"U.S. SSA national baby-name data, 1880-2024 local mirror"
2549,Garl,garl,175,"U.S. SSA national baby-name data, 1880-2024 local mirror"
2550,Lima,lima,175,"U.S. SSA national baby-name data, 1880-2024 local mirror"
2551,Mija,mija,175,"U.S. SSA national baby-name data, 1880-2024 local mirror"
2552,Suvi,suvi,175,"U.S. SSA national baby-name data, 1880-2024 local mirror"
2553,Vyla,vyla,175,"U.S. SSA national baby-name data, 1880-2024 local mirror"
2554,Youa,youa,175,"U.S. SSA national baby-name data, 1880-2024 local mirror"
2555,Itay,itay,174,"U.S. SSA national baby-name data, 1880-2024 local mirror"
2556,Kron,kron,174,"U.S. SSA national baby-name data, 1880-2024 local mirror"
2557,Nimo,nimo,174,"U.S. SSA national baby-name data, 1880-2024 local mirror"
2558,Aqua,aqua,173,"U.S. SSA national baby-name data, 1880-2024 local mirror"
2559,Caid,caid,173,"U.S. SSA national baby-name data, 1880-2024 local mirror"
2560,Edye,edye,173,"U.S. SSA national baby-name data, 1880-2024 local mirror"
2561,Jaid,jaid,173,"U.S. SSA national baby-name data, 1880-2024 local mirror"
2562,Libi,libi,173,"U.S. SSA national baby-name data, 1880-2024 local mirror"
2563,Nefi,nefi,173,"U.S. SSA national baby-name data, 1880-2024 local mirror"
2564,Pura,pura,173,"U.S. SSA national baby-name data, 1880-2024 local mirror"
2565,Adie,adie,172,"U.S. SSA national baby-name data, 1880-2024 local mirror"
2566,Jode,jode,171,"U.S. SSA national baby-name data, 1880-2024 local mirror"
2567,Kito,kito,171,"U.S. SSA national baby-name data, 1880-2024 local mirror"
2568,Larz,larz,171,"U.S. SSA national baby-name data, 1880-2024 local mirror"
2569,Waco,waco,171,"U.S. SSA national baby-name data, 1880-2024 local mirror"
2570,Arpi,arpi,170,"U.S. SSA national baby-name data, 1880-2024 local mirror"
2571,Elaf,elaf,170,"U.S. SSA national baby-name data, 1880-2024 local mirror"
2572,Oney,oney,170,"U.S. SSA national baby-name data, 1880-2024 local mirror"
2573,Toua,toua,170,"U.S. SSA national baby-name data, 1880-2024 local mirror"
2574,Coal,coal,169,"U.S. SSA national baby-name data, 1880-2024 local mirror"
2575,Idil,idil,169,"U.S. SSA national baby-name data, 1880-2024 local mirror"
2576,Jeda,jeda,169,"U.S. SSA national baby-name data, 1880-2024 local mirror"
2577,Karn,karn,169,"U.S. SSA national baby-name data, 1880-2024 local mirror"
2578,Sten,sten,169,"U.S. SSA national baby-name data, 1880-2024 local mirror"
2579,Trew,trew,169,"U.S. SSA national baby-name data, 1880-2024 local mirror"
2580,Aser,aser,168,"U.S. SSA national baby-name data, 1880-2024 local mirror"
2581,Dary,dary,168,"U.S. SSA national baby-name data, 1880-2024 local mirror"
2582,Zira,zira,168,"U.S. SSA national baby-name data, 1880-2024 local mirror"
2584,Alle,alle,167,"U.S. SSA national baby-name data, 1880-2024 local mirror"
2585,Avey,avey,167,"U.S. SSA national baby-name data, 1880-2024 local mirror"
2586,Elvy,elvy,167,"U.S. SSA national baby-name data, 1880-2024 local mirror"
2587,Jash,jash,167,"U.S. SSA national baby-name data, 1880-2024 local mirror"
2588,Moua,moua,167,"U.S. SSA national baby-name data, 1880-2024 local mirror"
2589,Suan,suan,167,"U.S. SSA national baby-name data, 1880-2024 local mirror"
2590,Zylo,zylo,167,"U.S. SSA national baby-name data, 1880-2024 local mirror"
2592,Asar,asar,166,"U.S. SSA national baby-name data, 1880-2024 local mirror"
2593,Loda,loda,166,"U.S. SSA national baby-name data, 1880-2024 local mirror"
2594,Tarl,tarl,166,"U.S. SSA national baby-name data, 1880-2024 local mirror"
2595,Thos,thos,166,"U.S. SSA national baby-name data, 1880-2024 local mirror"
2596,Ejay,ejay,165,"U.S. SSA national baby-name data, 1880-2024 local mirror"
2597,Gali,gali,165,"U.S. SSA national baby-name data, 1880-2024 local mirror"
2598,Hema,hema,165,"U.S. SSA national baby-name data, 1880-2024 local mirror"
2599,Idus,idus,165,"U.S. SSA national baby-name data, 1880-2024 local mirror"
2600,Kiro,kiro,165,"U.S. SSA national baby-name data, 1880-2024 local mirror"
2601,Sair,sair,165,"U.S. SSA national baby-name data, 1880-2024 local mirror"
2602,Tery,tery,165,"U.S. SSA national baby-name data, 1880-2024 local mirror"
2603,Vear,vear,165,"U.S. SSA national baby-name data, 1880-2024 local mirror"
2604,Ihor,ihor,164,"U.S. SSA national baby-name data, 1880-2024 local mirror"
2605,Izza,izza,164,"U.S. SSA national baby-name data, 1880-2024 local mirror"
2606,Kele,kele,164,"U.S. SSA national baby-name data, 1880-2024 local mirror"
2607,Nini,nini,164,"U.S. SSA national baby-name data, 1880-2024 local mirror"
2609,Rola,rola,164,"U.S. SSA national baby-name data, 1880-2024 local mirror"
2610,Ruah,ruah,164,"U.S. SSA national baby-name data, 1880-2024 local mirror"
2611,Arzu,arzu,163,"U.S. SSA national baby-name data, 1880-2024 local mirror"
2612,Cote,cote,163,"U.S. SSA national baby-name data, 1880-2024 local mirror"
2613,Gleb,gleb,162,"U.S. SSA national baby-name data, 1880-2024 local mirror"
2614,Myli,myli,162,"U.S. SSA national baby-name data, 1880-2024 local mirror"
2615,Zeal,zeal,162,"U.S. SSA national baby-name data, 1880-2024 local mirror"
2616,Zhoe,zhoe,162,"U.S. SSA national baby-name data, 1880-2024 local mirror"
2617,Jimy,jimy,161,"U.S. SSA national baby-name data, 1880-2024 local mirror"
2618,Rewa,rewa,161,"U.S. SSA national baby-name data, 1880-2024 local mirror"
2619,Saga,saga,161,"U.S. SSA national baby-name data, 1880-2024 local mirror"
2620,Soua,soua,161,"U.S. SSA national baby-name data, 1880-2024 local mirror"
2621,Zoii,zoii,161,"U.S. SSA national baby-name data, 1880-2024 local mirror"
2622,Asmi,asmi,160,"U.S. SSA national baby-name data, 1880-2024 local mirror"
2623,Dago,dago,160,"U.S. SSA national baby-name data, 1880-2024 local mirror"
2624,Dwon,dwon,160,"U.S. SSA national baby-name data, 1880-2024 local mirror"
2625,Eryx,eryx,160,"U.S. SSA national baby-name data, 1880-2024 local mirror"
2626,Jonh,jonh,160,"U.S. SSA national baby-name data, 1880-2024 local mirror"
2627,Octa,octa,160,"U.S. SSA national baby-name data, 1880-2024 local mirror"
2628,Rahm,rahm,160,"U.S. SSA national baby-name data, 1880-2024 local mirror"
2629,Syan,syan,160,"U.S. SSA national baby-name data, 1880-2024 local mirror"
2630,Teva,teva,160,"U.S. SSA national baby-name data, 1880-2024 local mirror"
2631,Wane,wane,160,"U.S. SSA national baby-name data, 1880-2024 local mirror"
2632,Camp,camp,159,"U.S. SSA national baby-name data, 1880-2024 local mirror"
2633,Taos,taos,159,"U.S. SSA national baby-name data, 1880-2024 local mirror"
2634,Tkai,tkai,159,"U.S. SSA national baby-name data, 1880-2024 local mirror"
2635,Zema,zema,159,"U.S. SSA national baby-name data, 1880-2024 local mirror"
2636,Adar,adar,158,"U.S. SSA national baby-name data, 1880-2024 local mirror"
2637,Ivry,ivry,158,"U.S. SSA national baby-name data, 1880-2024 local mirror"
2638,Tank,tank,158,"U.S. SSA national baby-name data, 1880-2024 local mirror"
2639,Arty,arty,157,"U.S. SSA national baby-name data, 1880-2024 local mirror"
2640,Doha,doha,157,"U.S. SSA national baby-name data, 1880-2024 local mirror"
2641,Enzi,enzi,157,"U.S. SSA national baby-name data, 1880-2024 local mirror"
2642,Garo,garo,157,"U.S. SSA national baby-name data, 1880-2024 local mirror"
2643,Ilee,ilee,157,"U.S. SSA national baby-name data, 1880-2024 local mirror"
2644,Jams,jams,157,"U.S. SSA national baby-name data, 1880-2024 local mirror"
2645,Kire,kire,157,"U.S. SSA national baby-name data, 1880-2024 local mirror"
2646,Meba,meba,157,"U.S. SSA national baby-name data, 1880-2024 local mirror"
2647,Naif,naif,157,"U.S. SSA national baby-name data, 1880-2024 local mirror"
2648,Reni,reni,157,"U.S. SSA national baby-name data, 1880-2024 local mirror"
2649,Zyad,zyad,157,"U.S. SSA national baby-name data, 1880-2024 local mirror"
2650,Beva,beva,156,"U.S. SSA national baby-name data, 1880-2024 local mirror"
2651,Irja,irja,156,"U.S. SSA national baby-name data, 1880-2024 local mirror"
2652,Jnai,jnai,156,"U.S. SSA national baby-name data, 1880-2024 local mirror"
2653,Pegi,pegi,156,"U.S. SSA national baby-name data, 1880-2024 local mirror"
2654,Xana,xana,156,"U.S. SSA national baby-name data, 1880-2024 local mirror"
2655,Zuma,zuma,156,"U.S. SSA national baby-name data, 1880-2024 local mirror"
2656,Zyia,zyia,156,"U.S. SSA national baby-name data, 1880-2024 local mirror"
2657,Amun,amun,155,"U.S. SSA national baby-name data, 1880-2024 local mirror"
2658,Dois,dois,155,"U.S. SSA national baby-name data, 1880-2024 local mirror"
2659,Duru,duru,155,"U.S. SSA national baby-name data, 1880-2024 local mirror"
2660,Huie,huie,155,"U.S. SSA national baby-name data, 1880-2024 local mirror"
2661,Ilir,ilir,155,"U.S. SSA national baby-name data, 1880-2024 local mirror"
2662,Mico,mico,155,"U.S. SSA national baby-name data, 1880-2024 local mirror"
2663,Neka,neka,155,"U.S. SSA national baby-name data, 1880-2024 local mirror"
2664,Pepe,pepe,155,"U.S. SSA national baby-name data, 1880-2024 local mirror"
2665,Tjay,tjay,155,"U.S. SSA national baby-name data, 1880-2024 local mirror"
2666,Ulus,ulus,155,"U.S. SSA national baby-name data, 1880-2024 local mirror"
2668,Arra,arra,154,"U.S. SSA national baby-name data, 1880-2024 local mirror"
2669,Dula,dula,154,"U.S. SSA national baby-name data, 1880-2024 local mirror"
2670,Eimi,eimi,154,"U.S. SSA national baby-name data, 1880-2024 local mirror"
2671,Fumi,fumi,154,"U.S. SSA national baby-name data, 1880-2024 local mirror"
2672,Kida,kida,154,"U.S. SSA national baby-name data, 1880-2024 local mirror"
2673,Luay,luay,154,"U.S. SSA national baby-name data, 1880-2024 local mirror"
2674,Rula,rula,154,"U.S. SSA national baby-name data, 1880-2024 local mirror"
2675,Trei,trei,154,"U.S. SSA national baby-name data, 1880-2024 local mirror"
2676,Cait,cait,153,"U.S. SSA national baby-name data, 1880-2024 local mirror"
2677,Nary,nary,153,"U.S. SSA national baby-name data, 1880-2024 local mirror"
2678,Rupa,rupa,153,"U.S. SSA national baby-name data, 1880-2024 local mirror"
2679,Arad,arad,152,"U.S. SSA national baby-name data, 1880-2024 local mirror"
2680,Axie,axie,152,"U.S. SSA national baby-name data, 1880-2024 local mirror"
2681,Imri,imri,152,"U.S. SSA national baby-name data, 1880-2024 local mirror"
2682,Kang,kang,152,"U.S. SSA national baby-name data, 1880-2024 local mirror"
2683,Usha,usha,152,"U.S. SSA national baby-name data, 1880-2024 local mirror"
2684,Vane,vane,152,"U.S. SSA national baby-name data, 1880-2024 local mirror"
2685,Vika,vika,152,"U.S. SSA national baby-name data, 1880-2024 local mirror"
2686,Yuko,yuko,152,"U.S. SSA national baby-name data, 1880-2024 local mirror"
2687,Nera,nera,151,"U.S. SSA national baby-name data, 1880-2024 local mirror"
2688,Orby,orby,151,"U.S. SSA national baby-name data, 1880-2024 local mirror"
2689,Ryin,ryin,151,"U.S. SSA national baby-name data, 1880-2024 local mirror"
2690,Ayad,ayad,150,"U.S. SSA national baby-name data, 1880-2024 local mirror"
2691,Deya,deya,150,"U.S. SSA national baby-name data, 1880-2024 local mirror"
2692,Jull,jull,150,"U.S. SSA national baby-name data, 1880-2024 local mirror"
2693,Omah,omah,150,"U.S. SSA national baby-name data, 1880-2024 local mirror"
2694,Osby,osby,150,"U.S. SSA national baby-name data, 1880-2024 local mirror"
2695,Raji,raji,150,"U.S. SSA national baby-name data, 1880-2024 local mirror"
2696,Anyi,anyi,149,"U.S. SSA national baby-name data, 1880-2024 local mirror"
2697,Asal,asal,149,"U.S. SSA national baby-name data, 1880-2024 local mirror"
2698,Juma,juma,149,"U.S. SSA national baby-name data, 1880-2024 local mirror"
2699,Khye,khye,149,"U.S. SSA national baby-name data, 1880-2024 local mirror"
2700,Oday,oday,149,"U.S. SSA national baby-name data, 1880-2024 local mirror"
2701,Olis,olis,149,"U.S. SSA national baby-name data, 1880-2024 local mirror"
2702,Peni,peni,149,"U.S. SSA national baby-name data, 1880-2024 local mirror"
2703,Asah,asah,148,"U.S. SSA national baby-name data, 1880-2024 local mirror"
2704,Chey,chey,148,"U.S. SSA national baby-name data, 1880-2024 local mirror"
2705,Egon,egon,148,"U.S. SSA national baby-name data, 1880-2024 local mirror"
2706,Mady,mady,148,"U.S. SSA national baby-name data, 1880-2024 local mirror"
2707,Naje,naje,148,"U.S. SSA national baby-name data, 1880-2024 local mirror"
2708,Noeh,noeh,148,"U.S. SSA national baby-name data, 1880-2024 local mirror"
2709,Odas,odas,148,"U.S. SSA national baby-name data, 1880-2024 local mirror"
2710,Zoel,zoel,148,"U.S. SSA national baby-name data, 1880-2024 local mirror"
2712,Akif,akif,147,"U.S. SSA national baby-name data, 1880-2024 local mirror"
2713,Awad,awad,147,"U.S. SSA national baby-name data, 1880-2024 local mirror"
2714,Dahl,dahl,147,"U.S. SSA national baby-name data, 1880-2024 local mirror"
2715,Jing,jing,147,"U.S. SSA national baby-name data, 1880-2024 local mirror"
2716,Snoh,snoh,147,"U.S. SSA national baby-name data, 1880-2024 local mirror"
2717,Zevi,zevi,147,"U.S. SSA national baby-name data, 1880-2024 local mirror"
2718,Cono,cono,146,"U.S. SSA national baby-name data, 1880-2024 local mirror"
2719,Jaan,jaan,146,"U.S. SSA national baby-name data, 1880-2024 local mirror"
2720,Orra,orra,146,"U.S. SSA national baby-name data, 1880-2024 local mirror"
2721,Skya,skya,146,"U.S. SSA national baby-name data, 1880-2024 local mirror"
2722,Taci,taci,146,"U.S. SSA national baby-name data, 1880-2024 local mirror"
2723,Heli,heli,145,"U.S. SSA national baby-name data, 1880-2024 local mirror"
2724,Kieu,kieu,145,"U.S. SSA national baby-name data, 1880-2024 local mirror"
2725,Luie,luie,145,"U.S. SSA national baby-name data, 1880-2024 local mirror"
2726,Lyal,lyal,145,"U.S. SSA national baby-name data, 1880-2024 local mirror"
2727,Caly,caly,144,"U.S. SSA national baby-name data, 1880-2024 local mirror"
2728,Haim,haim,144,"U.S. SSA national baby-name data, 1880-2024 local mirror"
2729,Kiam,kiam,144,"U.S. SSA national baby-name data, 1880-2024 local mirror"
2730,Nial,nial,144,"U.S. SSA national baby-name data, 1880-2024 local mirror"
2731,Tima,tima,144,"U.S. SSA national baby-name data, 1880-2024 local mirror"
2732,Aaro,aaro,143,"U.S. SSA national baby-name data, 1880-2024 local mirror"
2733,Cozy,cozy,143,"U.S. SSA national baby-name data, 1880-2024 local mirror"
2734,Elvi,elvi,143,"U.S. SSA national baby-name data, 1880-2024 local mirror"
2735,Niza,niza,143,"U.S. SSA national baby-name data, 1880-2024 local mirror"
2736,Tata,tata,143,"U.S. SSA national baby-name data, 1880-2024 local mirror"
2737,Treu,treu,143,"U.S. SSA national baby-name data, 1880-2024 local mirror"
2738,Bich,bich,142,"U.S. SSA national baby-name data, 1880-2024 local mirror"
2739,Maty,maty,142,"U.S. SSA national baby-name data, 1880-2024 local mirror"
2740,Mirl,mirl,142,"U.S. SSA national baby-name data, 1880-2024 local mirror"
2741,Naol,naol,142,"U.S. SSA national baby-name data, 1880-2024 local mirror"
2742,Pihu,pihu,142,"U.S. SSA national baby-name data, 1880-2024 local mirror"
2743,Rett,rett,142,"U.S. SSA national baby-name data, 1880-2024 local mirror"
2744,Viya,viya,142,"U.S. SSA national baby-name data, 1880-2024 local mirror"
2745,Zoua,zoua,142,"U.S. SSA national baby-name data, 1880-2024 local mirror"
2746,Ammi,ammi,141,"U.S. SSA national baby-name data, 1880-2024 local mirror"
2747,Chez,chez,141,"U.S. SSA national baby-name data, 1880-2024 local mirror"
2748,Drae,drae,141,"U.S. SSA national baby-name data, 1880-2024 local mirror"
2749,Fifi,fifi,141,"U.S. SSA national baby-name data, 1880-2024 local mirror"
2750,Kees,kees,141,"U.S. SSA national baby-name data, 1880-2024 local mirror"
2751,Mete,mete,141,"U.S. SSA national baby-name data, 1880-2024 local mirror"
2752,Deny,deny,140,"U.S. SSA national baby-name data, 1880-2024 local mirror"
2753,Marv,marv,140,"U.S. SSA national baby-name data, 1880-2024 local mirror"
2754,Sayf,sayf,140,"U.S. SSA national baby-name data, 1880-2024 local mirror"
2755,Aala,aala,139,"U.S. SSA national baby-name data, 1880-2024 local mirror"
2756,Coyt,coyt,139,"U.S. SSA national baby-name data, 1880-2024 local mirror"
2757,Icey,icey,139,"U.S. SSA national baby-name data, 1880-2024 local mirror"
2758,Itha,itha,139,"U.S. SSA national baby-name data, 1880-2024 local mirror"
2759,Mati,mati,139,"U.S. SSA national baby-name data, 1880-2024 local mirror"
2760,Nyel,nyel,139,"U.S. SSA national baby-name data, 1880-2024 local mirror"
2761,Zyen,zyen,139,"U.S. SSA national baby-name data, 1880-2024 local mirror"
2762,Elih,elih,138,"U.S. SSA national baby-name data, 1880-2024 local mirror"
2763,Keah,keah,138,"U.S. SSA national baby-name data, 1880-2024 local mirror"
2764,Alga,alga,137,"U.S. SSA national baby-name data, 1880-2024 local mirror"
2765,Gaje,gaje,137,"U.S. SSA national baby-name data, 1880-2024 local mirror"
2766,Mata,mata,137,"U.S. SSA national baby-name data, 1880-2024 local mirror"
2768,Xeng,xeng,137,"U.S. SSA national baby-name data, 1880-2024 local mirror"
2769,Deem,deem,136,"U.S. SSA national baby-name data, 1880-2024 local mirror"
2770,Gera,gera,136,"U.S. SSA national baby-name data, 1880-2024 local mirror"
2771,Kery,kery,136,"U.S. SSA national baby-name data, 1880-2024 local mirror"
2773,Miku,miku,136,"U.S. SSA national baby-name data, 1880-2024 local mirror"
2774,Moet,moet,136,"U.S. SSA national baby-name data, 1880-2024 local mirror"
2775,Ozil,ozil,136,"U.S. SSA national baby-name data, 1880-2024 local mirror"
2776,Yian,yian,136,"U.S. SSA national baby-name data, 1880-2024 local mirror"
2777,Kesa,kesa,135,"U.S. SSA national baby-name data, 1880-2024 local mirror"
2778,Aidy,aidy,134,"U.S. SSA national baby-name data, 1880-2024 local mirror"
2779,Beza,beza,134,"U.S. SSA national baby-name data, 1880-2024 local mirror"
2780,Chin,chin,134,"U.S. SSA national baby-name data, 1880-2024 local mirror"
2781,Iaan,iaan,134,"U.S. SSA national baby-name data, 1880-2024 local mirror"
2782,Jora,jora,134,"U.S. SSA national baby-name data, 1880-2024 local mirror"
2783,Mung,mung,134,"U.S. SSA national baby-name data, 1880-2024 local mirror"
2784,Ulys,ulys,134,"U.S. SSA national baby-name data, 1880-2024 local mirror"
2785,Vaya,vaya,134,"U.S. SSA national baby-name data, 1880-2024 local mirror"
2786,Zuha,zuha,134,"U.S. SSA national baby-name data, 1880-2024 local mirror"
2787,Esmi,esmi,133,"U.S. SSA national baby-name data, 1880-2024 local mirror"
2788,Irah,irah,133,"U.S. SSA national baby-name data, 1880-2024 local mirror"
2789,Jarl,jarl,133,"U.S. SSA national baby-name data, 1880-2024 local mirror"
2790,Kada,kada,133,"U.S. SSA national baby-name data, 1880-2024 local mirror"
2791,Leaf,leaf,133,"U.S. SSA national baby-name data, 1880-2024 local mirror"
2792,Loza,loza,133,"U.S. SSA national baby-name data, 1880-2024 local mirror"
2793,Etoy,etoy,132,"U.S. SSA national baby-name data, 1880-2024 local mirror"
2794,Free,free,132,"U.S. SSA national baby-name data, 1880-2024 local mirror"
2795,Mann,mann,132,"U.S. SSA national baby-name data, 1880-2024 local mirror"
2796,Tegh,tegh,132,"U.S. SSA national baby-name data, 1880-2024 local mirror"
2797,Aous,aous,131,"U.S. SSA national baby-name data, 1880-2024 local mirror"
2798,Asly,asly,131,"U.S. SSA national baby-name data, 1880-2024 local mirror"
2799,Cloy,cloy,131,"U.S. SSA national baby-name data, 1880-2024 local mirror"
2800,Cuma,cuma,131,"U.S. SSA national baby-name data, 1880-2024 local mirror"
2801,Endi,endi,131,"U.S. SSA national baby-name data, 1880-2024 local mirror"
2803,Wise,wise,131,"U.S. SSA national baby-name data, 1880-2024 local mirror"
2804,Cace,cace,130,"U.S. SSA national baby-name data, 1880-2024 local mirror"
2805,Cope,cope,130,"U.S. SSA national baby-name data, 1880-2024 local mirror"
2806,Cova,cova,130,"U.S. SSA national baby-name data, 1880-2024 local mirror"
2807,Elga,elga,130,"U.S. SSA national baby-name data, 1880-2024 local mirror"
2808,Icel,icel,130,"U.S. SSA national baby-name data, 1880-2024 local mirror"
2810,Miaa,miaa,130,"U.S. SSA national baby-name data, 1880-2024 local mirror"
2811,Raea,raea,130,"U.S. SSA national baby-name data, 1880-2024 local mirror"
2812,Cele,cele,129,"U.S. SSA national baby-name data, 1880-2024 local mirror"
2813,Giah,giah,129,"U.S. SSA national baby-name data, 1880-2024 local mirror"
2814,Jury,jury,129,"U.S. SSA national baby-name data, 1880-2024 local mirror"
2815,Leto,leto,129,"U.S. SSA national baby-name data, 1880-2024 local mirror"
2816,Mort,mort,129,"U.S. SSA national baby-name data, 1880-2024 local mirror"
2817,Raun,raun,129,"U.S. SSA national baby-name data, 1880-2024 local mirror"
2818,Sevi,sevi,129,"U.S. SSA national baby-name data, 1880-2024 local mirror"
2819,Axil,axil,128,"U.S. SSA national baby-name data, 1880-2024 local mirror"
2820,Dare,dare,128,"U.S. SSA national baby-name data, 1880-2024 local mirror"
2821,Keta,keta,128,"U.S. SSA national baby-name data, 1880-2024 local mirror"
2822,Kili,kili,128,"U.S. SSA national baby-name data, 1880-2024 local mirror"
2823,Olon,olon,128,"U.S. SSA national baby-name data, 1880-2024 local mirror"
2824,Pape,pape,128,"U.S. SSA national baby-name data, 1880-2024 local mirror"
2825,Razi,razi,128,"U.S. SSA national baby-name data, 1880-2024 local mirror"
2826,Akya,akya,127,"U.S. SSA national baby-name data, 1880-2024 local mirror"
2827,Aoki,aoki,127,"U.S. SSA national baby-name data, 1880-2024 local mirror"
2828,Arli,arli,127,"U.S. SSA national baby-name data, 1880-2024 local mirror"
2829,Ikey,ikey,127,"U.S. SSA national baby-name data, 1880-2024 local mirror"
2830,Odai,odai,127,"U.S. SSA national baby-name data, 1880-2024 local mirror"
2831,Ajna,ajna,126,"U.S. SSA national baby-name data, 1880-2024 local mirror"
2832,Doye,doye,126,"U.S. SSA national baby-name data, 1880-2024 local mirror"
2833,Drin,drin,126,"U.S. SSA national baby-name data, 1880-2024 local mirror"
2834,Jozy,jozy,126,"U.S. SSA national baby-name data, 1880-2024 local mirror"
2835,Nuno,nuno,126,"U.S. SSA national baby-name data, 1880-2024 local mirror"
2837,Yali,yali,126,"U.S. SSA national baby-name data, 1880-2024 local mirror"
2838,Ecko,ecko,125,"U.S. SSA national baby-name data, 1880-2024 local mirror"
2839,Eddi,eddi,125,"U.S. SSA national baby-name data, 1880-2024 local mirror"
2841,Redd,redd,125,"U.S. SSA national baby-name data, 1880-2024 local mirror"
2842,Reha,reha,125,"U.S. SSA national baby-name data, 1880-2024 local mirror"
2843,Rien,rien,125,"U.S. SSA national baby-name data, 1880-2024 local mirror"
2844,Suda,suda,125,"U.S. SSA national baby-name data, 1880-2024 local mirror"
2845,Trek,trek,125,"U.S. SSA national baby-name data, 1880-2024 local mirror"
2846,Akon,akon,124,"U.S. SSA national baby-name data, 1880-2024 local mirror"
2847,Anye,anye,124,"U.S. SSA national baby-name data, 1880-2024 local mirror"
2848,Bash,bash,124,"U.S. SSA national baby-name data, 1880-2024 local mirror"
2849,Dorr,dorr,124,"U.S. SSA national baby-name data, 1880-2024 local mirror"
2850,Kiyo,kiyo,124,"U.S. SSA national baby-name data, 1880-2024 local mirror"
2851,Maor,maor,124,"U.S. SSA national baby-name data, 1880-2024 local mirror"
2852,Mory,mory,124,"U.S. SSA national baby-name data, 1880-2024 local mirror"
2853,Phat,phat,124,"U.S. SSA national baby-name data, 1880-2024 local mirror"
2854,Vong,vong,124,"U.S. SSA national baby-name data, 1880-2024 local mirror"
2855,Ahni,ahni,123,"U.S. SSA national baby-name data, 1880-2024 local mirror"
2856,Eann,eann,123,"U.S. SSA national baby-name data, 1880-2024 local mirror"
2857,Ezma,ezma,123,"U.S. SSA national baby-name data, 1880-2024 local mirror"
2858,Hanz,hanz,123,"U.S. SSA national baby-name data, 1880-2024 local mirror"
2860,Jayr,jayr,123,"U.S. SSA national baby-name data, 1880-2024 local mirror"
2861,Layn,layn,123,"U.S. SSA national baby-name data, 1880-2024 local mirror"
2862,Mida,mida,123,"U.S. SSA national baby-name data, 1880-2024 local mirror"
2863,Nagi,nagi,123,"U.S. SSA national baby-name data, 1880-2024 local mirror"
2864,Ogle,ogle,123,"U.S. SSA national baby-name data, 1880-2024 local mirror"
2865,Rage,rage,123,"U.S. SSA national baby-name data, 1880-2024 local mirror"
2866,Acre,acre,122,"U.S. SSA national baby-name data, 1880-2024 local mirror"
2867,Alka,alka,122,"U.S. SSA national baby-name data, 1880-2024 local mirror"
2868,Anir,anir,122,"U.S. SSA national baby-name data, 1880-2024 local mirror"
2869,Bruk,bruk,122,"U.S. SSA national baby-name data, 1880-2024 local mirror"
2870,Cici,cici,122,"U.S. SSA national baby-name data, 1880-2024 local mirror"
2871,Debe,debe,122,"U.S. SSA national baby-name data, 1880-2024 local mirror"
2872,Goku,goku,122,"U.S. SSA national baby-name data, 1880-2024 local mirror"
2874,Jdyn,jdyn,122,"U.S. SSA national baby-name data, 1880-2024 local mirror"
2875,Joal,joal,122,"U.S. SSA national baby-name data, 1880-2024 local mirror"
2876,Ocia,ocia,122,"U.S. SSA national baby-name data, 1880-2024 local mirror"
2877,Orit,orit,122,"U.S. SSA national baby-name data, 1880-2024 local mirror"
2878,Benz,benz,121,"U.S. SSA national baby-name data, 1880-2024 local mirror"
2879,Noir,noir,121,"U.S. SSA national baby-name data, 1880-2024 local mirror"
2880,Xabi,xabi,121,"U.S. SSA national baby-name data, 1880-2024 local mirror"
2881,Aksh,aksh,120,"U.S. SSA national baby-name data, 1880-2024 local mirror"
2882,Anes,anes,120,"U.S. SSA national baby-name data, 1880-2024 local mirror"
2883,Bion,bion,120,"U.S. SSA national baby-name data, 1880-2024 local mirror"
2884,Chun,chun,120,"U.S. SSA national baby-name data, 1880-2024 local mirror"
2885,Hiep,hiep,120,"U.S. SSA national baby-name data, 1880-2024 local mirror"
2886,Jind,jind,120,"U.S. SSA national baby-name data, 1880-2024 local mirror"
2887,Klyn,klyn,120,"U.S. SSA national baby-name data, 1880-2024 local mirror"
2888,Seva,seva,120,"U.S. SSA national baby-name data, 1880-2024 local mirror"
2889,Blia,blia,119,"U.S. SSA national baby-name data, 1880-2024 local mirror"
2890,Ceci,ceci,119,"U.S. SSA national baby-name data, 1880-2024 local mirror"
2891,Conn,conn,119,"U.S. SSA national baby-name data, 1880-2024 local mirror"
2892,Erum,erum,119,"U.S. SSA national baby-name data, 1880-2024 local mirror"
2893,Garv,garv,119,"U.S. SSA national baby-name data, 1880-2024 local mirror"
2894,Ishi,ishi,119,"U.S. SSA national baby-name data, 1880-2024 local mirror"
2896,Lind,lind,119,"U.S. SSA national baby-name data, 1880-2024 local mirror"
2897,Mane,mane,119,"U.S. SSA national baby-name data, 1880-2024 local mirror"
2898,Nyal,nyal,119,"U.S. SSA national baby-name data, 1880-2024 local mirror"
2899,Tija,tija,119,"U.S. SSA national baby-name data, 1880-2024 local mirror"
2900,Yoon,yoon,119,"U.S. SSA national baby-name data, 1880-2024 local mirror"
2901,Mead,mead,118,"U.S. SSA national baby-name data, 1880-2024 local mirror"
2902,Nore,nore,118,"U.S. SSA national baby-name data, 1880-2024 local mirror"
2903,Piya,piya,118,"U.S. SSA national baby-name data, 1880-2024 local mirror"
2904,Zeba,zeba,118,"U.S. SSA national baby-name data, 1880-2024 local mirror"
2905,Haly,haly,117,"U.S. SSA national baby-name data, 1880-2024 local mirror"
2906,Hara,hara,117,"U.S. SSA national baby-name data, 1880-2024 local mirror"
2907,Jaxn,jaxn,117,"U.S. SSA national baby-name data, 1880-2024 local mirror"
2908,Lynk,lynk,117,"U.S. SSA national baby-name data, 1880-2024 local mirror"
2909,Nylo,nylo,117,"U.S. SSA national baby-name data, 1880-2024 local mirror"
2910,Onda,onda,117,"U.S. SSA national baby-name data, 1880-2024 local mirror"
2911,Riel,riel,117,"U.S. SSA national baby-name data, 1880-2024 local mirror"
2912,Tyme,tyme,117,"U.S. SSA national baby-name data, 1880-2024 local mirror"
2913,Veya,veya,117,"U.S. SSA national baby-name data, 1880-2024 local mirror"
2914,Voyd,voyd,117,"U.S. SSA national baby-name data, 1880-2024 local mirror"
2915,Zong,zong,117,"U.S. SSA national baby-name data, 1880-2024 local mirror"
2916,Boen,boen,116,"U.S. SSA national baby-name data, 1880-2024 local mirror"
2917,Caci,caci,116,"U.S. SSA national baby-name data, 1880-2024 local mirror"
2918,Inri,inri,116,"U.S. SSA national baby-name data, 1880-2024 local mirror"
2919,Itzy,itzy,116,"U.S. SSA national baby-name data, 1880-2024 local mirror"
2920,Jery,jery,116,"U.S. SSA national baby-name data, 1880-2024 local mirror"
2921,Kamy,kamy,116,"U.S. SSA national baby-name data, 1880-2024 local mirror"
2922,Marl,marl,116,"U.S. SSA national baby-name data, 1880-2024 local mirror"
2923,Mosi,mosi,116,"U.S. SSA national baby-name data, 1880-2024 local mirror"
2924,Nyan,nyan,116,"U.S. SSA national baby-name data, 1880-2024 local mirror"
2925,Ekko,ekko,115,"U.S. SSA national baby-name data, 1880-2024 local mirror"
2926,Ewin,ewin,115,"U.S. SSA national baby-name data, 1880-2024 local mirror"
2927,Jaze,jaze,115,"U.S. SSA national baby-name data, 1880-2024 local mirror"
2928,Jyra,jyra,115,"U.S. SSA national baby-name data, 1880-2024 local mirror"
2929,Lile,lile,115,"U.S. SSA national baby-name data, 1880-2024 local mirror"
2930,Luxx,luxx,115,"U.S. SSA national baby-name data, 1880-2024 local mirror"
2931,Lyly,lyly,115,"U.S. SSA national baby-name data, 1880-2024 local mirror"
2932,Mori,mori,115,"U.S. SSA national baby-name data, 1880-2024 local mirror"
2933,Nury,nury,115,"U.S. SSA national baby-name data, 1880-2024 local mirror"
2934,Cina,cina,114,"U.S. SSA national baby-name data, 1880-2024 local mirror"
2935,Anab,anab,113,"U.S. SSA national baby-name data, 1880-2024 local mirror"
2936,Cheo,cheo,113,"U.S. SSA national baby-name data, 1880-2024 local mirror"
2937,Roda,roda,113,"U.S. SSA national baby-name data, 1880-2024 local mirror"
2938,Sarp,sarp,113,"U.S. SSA national baby-name data, 1880-2024 local mirror"
2939,Ekta,ekta,112,"U.S. SSA national baby-name data, 1880-2024 local mirror"
2940,Joda,joda,112,"U.S. SSA national baby-name data, 1880-2024 local mirror"
2941,Kyen,kyen,112,"U.S. SSA national baby-name data, 1880-2024 local mirror"
2942,Nouh,nouh,112,"U.S. SSA national baby-name data, 1880-2024 local mirror"
2943,Seba,seba,112,"U.S. SSA national baby-name data, 1880-2024 local mirror"
2944,Tasi,tasi,112,"U.S. SSA national baby-name data, 1880-2024 local mirror"
2945,Zeki,zeki,112,"U.S. SSA national baby-name data, 1880-2024 local mirror"
2946,Abem,abem,111,"U.S. SSA national baby-name data, 1880-2024 local mirror"
2947,Cray,cray,111,"U.S. SSA national baby-name data, 1880-2024 local mirror"
2948,Crit,crit,111,"U.S. SSA national baby-name data, 1880-2024 local mirror"
2949,Dawt,dawt,111,"U.S. SSA national baby-name data, 1880-2024 local mirror"
2950,Eloa,eloa,111,"U.S. SSA national baby-name data, 1880-2024 local mirror"
2951,Lany,lany,111,"U.S. SSA national baby-name data, 1880-2024 local mirror"
2952,Yafa,yafa,111,"U.S. SSA national baby-name data, 1880-2024 local mirror"
2953,Ahmi,ahmi,110,"U.S. SSA national baby-name data, 1880-2024 local mirror"
2954,Jany,jany,110,"U.S. SSA national baby-name data, 1880-2024 local mirror"
2955,Kaii,kaii,110,"U.S. SSA national baby-name data, 1880-2024 local mirror"
2956,Mong,mong,110,"U.S. SSA national baby-name data, 1880-2024 local mirror"
2957,Rawn,rawn,110,"U.S. SSA national baby-name data, 1880-2024 local mirror"
2958,Skii,skii,110,"U.S. SSA national baby-name data, 1880-2024 local mirror"
2959,Soli,soli,110,"U.S. SSA national baby-name data, 1880-2024 local mirror"
2960,Tola,tola,110,"U.S. SSA national baby-name data, 1880-2024 local mirror"
2961,Zahi,zahi,110,"U.S. SSA national baby-name data, 1880-2024 local mirror"
2962,Abas,abas,109,"U.S. SSA national baby-name data, 1880-2024 local mirror"
2963,Azka,azka,109,"U.S. SSA national baby-name data, 1880-2024 local mirror"
2964,Batu,batu,109,"U.S. SSA national baby-name data, 1880-2024 local mirror"
2965,Bita,bita,109,"U.S. SSA national baby-name data, 1880-2024 local mirror"
2966,Brex,brex,109,"U.S. SSA national baby-name data, 1880-2024 local mirror"
2967,Ciin,ciin,109,"U.S. SSA national baby-name data, 1880-2024 local mirror"
2968,Hser,hser,109,"U.S. SSA national baby-name data, 1880-2024 local mirror"
2969,Jaja,jaja,109,"U.S. SSA national baby-name data, 1880-2024 local mirror"
2970,Kare,kare,109,"U.S. SSA national baby-name data, 1880-2024 local mirror"
2971,Mian,mian,109,"U.S. SSA national baby-name data, 1880-2024 local mirror"
2972,Rini,rini,109,"U.S. SSA national baby-name data, 1880-2024 local mirror"
2973,Tiam,tiam,109,"U.S. SSA national baby-name data, 1880-2024 local mirror"
2974,Zhen,zhen,109,"U.S. SSA national baby-name data, 1880-2024 local mirror"
2975,Abia,abia,108,"U.S. SSA national baby-name data, 1880-2024 local mirror"
2976,Edee,edee,108,"U.S. SSA national baby-name data, 1880-2024 local mirror"
2977,Hedi,hedi,108,"U.S. SSA national baby-name data, 1880-2024 local mirror"
2978,Ison,ison,108,"U.S. SSA national baby-name data, 1880-2024 local mirror"
2979,Jyla,jyla,108,"U.S. SSA national baby-name data, 1880-2024 local mirror"
